date,Store_ID,Epidemic,Weather_Condition
2022-01-01,S001,0,Snowy
2022-01-01,S002,0,Cloudy
2022-01-01,S003,0,Sunny
2022-01-01,S004,0,Snowy
2022-01-01,S005,0,Snowy
2022-01-02,S001,0,Snowy
2022-01-02,S002,0,Cloudy
2022-01-02,S003,0,Cloudy
2022-01-02,S004,0,Sunny
2022-01-02,S005,0,Snowy
2022-01-03,S001,0,Snowy
2022-01-03,S002,0,Cloudy
2022-01-03,S003,0,Cloudy
2022-01-03,S004,0,Sunny
2022-01-03,S005,0,Snowy
2022-01-04,S001,0,Snowy
2022-01-04,S002,0,Cloudy
2022-01-04,S003,0,Sunny
2022-01-04,S004,0,Cloudy
2022-01-04,S005,0,Snowy
2022-01-05,S001,0,Snowy
2022-01-05,S002,0,Snowy
2022-01-05,S003,0,Sunny
2022-01-05,S004,0,Cloudy
2022-01-05,S005,0,Snowy
2022-01-06,S001,0,Sunny
2022-01-06,S002,0,Snowy
2022-01-06,S003,0,Snowy
2022-01-06,S004,0,Snowy
2022-01-06,S005,0,Sunny
2022-01-07,S001,0,Snowy
2022-01-07,S002,0,Cloudy
2022-01-07,S003,0,Sunny
2022-01-07,S004,0,Cloudy
2022-01-07,S005,0,Snowy
2022-01-08,S001,0,Snowy
2022-01-08,S002,0,Cloudy
2022-01-08,S003,0,Sunny
2022-01-08,S004,0,Cloudy
2022-01-08,S005,0,Snowy
2022-01-09,S001,0,Sunny
2022-01-09,S002,0,Cloudy
2022-01-09,S003,0,Sunny
2022-01-09,S004,0,Cloudy
2022-01-09,S005,0,Sunny
2022-01-10,S001,0,Cloudy
2022-01-10,S002,0,Cloudy
2022-01-10,S003,0,Cloudy
2022-01-10,S004,0,Cloudy
2022-01-10,S005,0,Cloudy
2022-01-11,S001,0,Cloudy
2022-01-11,S002,0,Sunny
2022-01-11,S003,0,Sunny
2022-01-11,S004,0,Cloudy
2022-01-11,S005,0,Cloudy
2022-01-12,S001,0,Snowy
2022-01-12,S002,0,Snowy
2022-01-12,S003,0,Sunny
2022-01-12,S004,0,Snowy
2022-01-12,S005,0,Snowy
2022-01-13,S001,0,Cloudy
2022-01-13,S002,0,Cloudy
2022-01-13,S003,0,Cloudy
2022-01-13,S004,0,Cloudy
2022-01-13,S005,0,Cloudy
2022-01-14,S001,0,Sunny
2022-01-14,S002,0,Cloudy
2022-01-14,S003,0,Cloudy
2022-01-14,S004,0,Snowy
2022-01-14,S005,0,Sunny
2022-01-15,S001,0,Sunny
2022-01-15,S002,0,Sunny
2022-01-15,S003,0,Snowy
2022-01-15,S004,0,Snowy
2022-01-15,S005,0,Sunny
2022-01-16,S001,0,Cloudy
2022-01-16,S002,0,Snowy
2022-01-16,S003,0,Snowy
2022-01-16,S004,0,Sunny
2022-01-16,S005,0,Cloudy
2022-01-17,S001,0,Sunny
2022-01-17,S002,0,Snowy
2022-01-17,S003,0,Cloudy
2022-01-17,S004,0,Snowy
2022-01-17,S005,0,Sunny
2022-01-18,S001,0,Cloudy
2022-01-18,S002,0,Snowy
2022-01-18,S003,0,Snowy
2022-01-18,S004,0,Snowy
2022-01-18,S005,0,Cloudy
2022-01-19,S001,0,Cloudy
2022-01-19,S002,0,Sunny
2022-01-19,S003,0,Snowy
2022-01-19,S004,0,Snowy
2022-01-19,S005,0,Cloudy
2022-01-20,S001,0,Snowy
2022-01-20,S002,0,Snowy
2022-01-20,S003,0,Cloudy
2022-01-20,S004,0,Sunny
2022-01-20,S005,0,Snowy
2022-01-21,S001,0,Sunny
2022-01-21,S002,0,Snowy
2022-01-21,S003,0,Snowy
2022-01-21,S004,0,Sunny
2022-01-21,S005,0,Sunny
2022-01-22,S001,0,Sunny
2022-01-22,S002,0,Cloudy
2022-01-22,S003,0,Snowy
2022-01-22,S004,0,Sunny
2022-01-22,S005,0,Sunny
2022-01-23,S001,0,Snowy
2022-01-23,S002,0,Cloudy
2022-01-23,S003,0,Cloudy
2022-01-23,S004,0,Sunny
2022-01-23,S005,0,Snowy
2022-01-24,S001,0,Snowy
2022-01-24,S002,0,Cloudy
2022-01-24,S003,0,Cloudy
2022-01-24,S004,0,Sunny
2022-01-24,S005,0,Snowy
2022-01-25,S001,0,Snowy
2022-01-25,S002,0,Snowy
2022-01-25,S003,0,Cloudy
2022-01-25,S004,0,Snowy
2022-01-25,S005,0,Snowy
2022-01-26,S001,0,Cloudy
2022-01-26,S002,0,Snowy
2022-01-26,S003,0,Snowy
2022-01-26,S004,0,Cloudy
2022-01-26,S005,0,Cloudy
2022-01-27,S001,0,Cloudy
2022-01-27,S002,0,Cloudy
2022-01-27,S003,0,Snowy
2022-01-27,S004,0,Snowy
2022-01-27,S005,0,Cloudy
2022-01-28,S001,0,Sunny
2022-01-28,S002,0,Snowy
2022-01-28,S003,0,Cloudy
2022-01-28,S004,0,Snowy
2022-01-28,S005,0,Sunny
2022-01-29,S001,0,Sunny
2022-01-29,S002,0,Sunny
2022-01-29,S003,0,Cloudy
2022-01-29,S004,0,Sunny
2022-01-29,S005,0,Sunny
2022-01-30,S001,0,Cloudy
2022-01-30,S002,0,Snowy
2022-01-30,S003,0,Snowy
2022-01-30,S004,0,Snowy
2022-01-30,S005,0,Cloudy
2022-01-31,S001,0,Cloudy
2022-01-31,S002,0,Sunny
2022-01-31,S003,0,Sunny
2022-01-31,S004,0,Cloudy
2022-01-31,S005,0,Cloudy
2022-02-01,S001,0,Snowy
2022-02-01,S002,0,Snowy
2022-02-01,S003,0,Snowy
2022-02-01,S004,0,Snowy
2022-02-01,S005,0,Snowy
2022-02-02,S001,0,Cloudy
2022-02-02,S002,0,Sunny
2022-02-02,S003,0,Sunny
2022-02-02,S004,0,Sunny
2022-02-02,S005,0,Cloudy
2022-02-03,S001,0,Cloudy
2022-02-03,S002,0,Cloudy
2022-02-03,S003,0,Cloudy
2022-02-03,S004,0,Sunny
2022-02-03,S005,0,Cloudy
2022-02-04,S001,0,Snowy
2022-02-04,S002,0,Sunny
2022-02-04,S003,0,Sunny
2022-02-04,S004,0,Cloudy
2022-02-04,S005,0,Snowy
2022-02-05,S001,0,Sunny
2022-02-05,S002,0,Cloudy
2022-02-05,S003,0,Sunny
2022-02-05,S004,0,Cloudy
2022-02-05,S005,0,Sunny
2022-02-06,S001,0,Sunny
2022-02-06,S002,0,Cloudy
2022-02-06,S003,0,Cloudy
2022-02-06,S004,0,Snowy
2022-02-06,S005,0,Sunny
2022-02-07,S001,0,Snowy
2022-02-07,S002,0,Sunny
2022-02-07,S003,0,Sunny
2022-02-07,S004,0,Snowy
2022-02-07,S005,0,Snowy
2022-02-08,S001,0,Snowy
2022-02-08,S002,0,Sunny
2022-02-08,S003,0,Snowy
2022-02-08,S004,0,Sunny
2022-02-08,S005,0,Snowy
2022-02-09,S001,0,Sunny
2022-02-09,S002,0,Sunny
2022-02-09,S003,0,Cloudy
2022-02-09,S004,0,Sunny
2022-02-09,S005,0,Sunny
2022-02-10,S001,0,Sunny
2022-02-10,S002,0,Cloudy
2022-02-10,S003,0,Snowy
2022-02-10,S004,0,Cloudy
2022-02-10,S005,0,Sunny
2022-02-11,S001,0,Sunny
2022-02-11,S002,0,Cloudy
2022-02-11,S003,0,Sunny
2022-02-11,S004,0,Snowy
2022-02-11,S005,0,Sunny
2022-02-12,S001,0,Sunny
2022-02-12,S002,0,Snowy
2022-02-12,S003,0,Cloudy
2022-02-12,S004,0,Snowy
2022-02-12,S005,0,Sunny
2022-02-13,S001,0,Snowy
2022-02-13,S002,0,Snowy
2022-02-13,S003,0,Cloudy
2022-02-13,S004,0,Cloudy
2022-02-13,S005,0,Snowy
2022-02-14,S001,0,Snowy
2022-02-14,S002,0,Cloudy
2022-02-14,S003,0,Sunny
2022-02-14,S004,0,Cloudy
2022-02-14,S005,0,Snowy
2022-02-15,S001,0,Snowy
2022-02-15,S002,0,Snowy
2022-02-15,S003,0,Cloudy
2022-02-15,S004,0,Snowy
2022-02-15,S005,0,Snowy
2022-02-16,S001,0,Sunny
2022-02-16,S002,0,Cloudy
2022-02-16,S003,0,Snowy
2022-02-16,S004,0,Cloudy
2022-02-16,S005,0,Sunny
2022-02-17,S001,0,Cloudy
2022-02-17,S002,0,Sunny
2022-02-17,S003,0,Snowy
2022-02-17,S004,0,Sunny
2022-02-17,S005,0,Cloudy
2022-02-18,S001,0,Sunny
2022-02-18,S002,0,Sunny
2022-02-18,S003,0,Sunny
2022-02-18,S004,0,Sunny
2022-02-18,S005,0,Sunny
2022-02-19,S001,0,Sunny
2022-02-19,S002,0,Cloudy
2022-02-19,S003,0,Cloudy
2022-02-19,S004,0,Sunny
2022-02-19,S005,0,Sunny
2022-02-20,S001,0,Sunny
2022-02-20,S002,0,Cloudy
2022-02-20,S003,0,Snowy
2022-02-20,S004,0,Cloudy
2022-02-20,S005,0,Sunny
2022-02-21,S001,0,Snowy
2022-02-21,S002,0,Cloudy
2022-02-21,S003,0,Sunny
2022-02-21,S004,0,Cloudy
2022-02-21,S005,0,Snowy
2022-02-22,S001,0,Sunny
2022-02-22,S002,0,Snowy
2022-02-22,S003,0,Sunny
2022-02-22,S004,0,Cloudy
2022-02-22,S005,0,Sunny
2022-02-23,S001,0,Sunny
2022-02-23,S002,0,Snowy
2022-02-23,S003,0,Snowy
2022-02-23,S004,0,Sunny
2022-02-23,S005,0,Sunny
2022-02-24,S001,0,Snowy
2022-02-24,S002,0,Snowy
2022-02-24,S003,0,Snowy
2022-02-24,S004,0,Cloudy
2022-02-24,S005,0,Snowy
2022-02-25,S001,0,Snowy
2022-02-25,S002,0,Cloudy
2022-02-25,S003,0,Cloudy
2022-02-25,S004,0,Snowy
2022-02-25,S005,0,Snowy
2022-02-26,S001,0,Cloudy
2022-02-26,S002,0,Cloudy
2022-02-26,S003,0,Cloudy
2022-02-26,S004,0,Snowy
2022-02-26,S005,0,Cloudy
2022-02-27,S001,0,Sunny
2022-02-27,S002,0,Snowy
2022-02-27,S003,0,Snowy
2022-02-27,S004,0,Sunny
2022-02-27,S005,0,Sunny
2022-02-28,S001,0,Snowy
2022-02-28,S002,0,Snowy
2022-02-28,S003,0,Cloudy
2022-02-28,S004,0,Cloudy
2022-02-28,S005,0,Snowy
2022-03-01,S001,0,Sunny
2022-03-01,S002,0,Sunny
2022-03-01,S003,0,Rainy
2022-03-01,S004,0,Sunny
2022-03-01,S005,0,Sunny
2022-03-02,S001,0,Cloudy
2022-03-02,S002,0,Rainy
2022-03-02,S003,0,Cloudy
2022-03-02,S004,0,Cloudy
2022-03-02,S005,0,Cloudy
2022-03-03,S001,0,Sunny
2022-03-03,S002,0,Sunny
2022-03-03,S003,0,Rainy
2022-03-03,S004,0,Rainy
2022-03-03,S005,0,Sunny
2022-03-04,S001,0,Cloudy
2022-03-04,S002,0,Cloudy
2022-03-04,S003,0,Sunny
2022-03-04,S004,0,Sunny
2022-03-04,S005,0,Cloudy
2022-03-05,S001,0,Sunny
2022-03-05,S002,0,Sunny
2022-03-05,S003,0,Cloudy
2022-03-05,S004,0,Rainy
2022-03-05,S005,0,Sunny
2022-03-06,S001,0,Rainy
2022-03-06,S002,0,Rainy
2022-03-06,S003,0,Cloudy
2022-03-06,S004,0,Sunny
2022-03-06,S005,0,Rainy
2022-03-07,S001,0,Sunny
2022-03-07,S002,0,Cloudy
2022-03-07,S003,0,Rainy
2022-03-07,S004,0,Cloudy
2022-03-07,S005,0,Sunny
2022-03-08,S001,0,Cloudy
2022-03-08,S002,0,Cloudy
2022-03-08,S003,0,Cloudy
2022-03-08,S004,0,Sunny
2022-03-08,S005,0,Cloudy
2022-03-09,S001,0,Rainy
2022-03-09,S002,0,Sunny
2022-03-09,S003,0,Sunny
2022-03-09,S004,0,Sunny
2022-03-09,S005,0,Rainy
2022-03-10,S001,0,Rainy
2022-03-10,S002,0,Rainy
2022-03-10,S003,0,Rainy
2022-03-10,S004,0,Rainy
2022-03-10,S005,0,Rainy
2022-03-11,S001,0,Rainy
2022-03-11,S002,0,Rainy
2022-03-11,S003,0,Rainy
2022-03-11,S004,0,Cloudy
2022-03-11,S005,0,Rainy
2022-03-12,S001,0,Sunny
2022-03-12,S002,0,Sunny
2022-03-12,S003,0,Cloudy
2022-03-12,S004,0,Cloudy
2022-03-12,S005,0,Sunny
2022-03-13,S001,0,Sunny
2022-03-13,S002,0,Rainy
2022-03-13,S003,0,Sunny
2022-03-13,S004,0,Sunny
2022-03-13,S005,0,Sunny
2022-03-14,S001,0,Cloudy
2022-03-14,S002,0,Cloudy
2022-03-14,S003,0,Rainy
2022-03-14,S004,0,Cloudy
2022-03-14,S005,0,Cloudy
2022-03-15,S001,0,Rainy
2022-03-15,S002,0,Sunny
2022-03-15,S003,0,Sunny
2022-03-15,S004,0,Sunny
2022-03-15,S005,0,Rainy
2022-03-16,S001,0,Rainy
2022-03-16,S002,0,Sunny
2022-03-16,S003,0,Cloudy
2022-03-16,S004,0,Cloudy
2022-03-16,S005,0,Rainy
2022-03-17,S001,0,Cloudy
2022-03-17,S002,0,Cloudy
2022-03-17,S003,0,Sunny
2022-03-17,S004,0,Rainy
2022-03-17,S005,0,Cloudy
2022-03-18,S001,0,Rainy
2022-03-18,S002,0,Sunny
2022-03-18,S003,0,Rainy
2022-03-18,S004,0,Rainy
2022-03-18,S005,0,Rainy
2022-03-19,S001,0,Rainy
2022-03-19,S002,0,Rainy
2022-03-19,S003,0,Cloudy
2022-03-19,S004,0,Cloudy
2022-03-19,S005,0,Rainy
2022-03-20,S001,0,Sunny
2022-03-20,S002,0,Rainy
2022-03-20,S003,0,Sunny
2022-03-20,S004,0,Rainy
2022-03-20,S005,0,Sunny
2022-03-21,S001,0,Sunny
2022-03-21,S002,0,Sunny
2022-03-21,S003,0,Sunny
2022-03-21,S004,0,Sunny
2022-03-21,S005,0,Sunny
2022-03-22,S001,0,Rainy
2022-03-22,S002,0,Cloudy
2022-03-22,S003,0,Rainy
2022-03-22,S004,0,Rainy
2022-03-22,S005,0,Rainy
2022-03-23,S001,0,Sunny
2022-03-23,S002,0,Rainy
2022-03-23,S003,0,Sunny
2022-03-23,S004,0,Rainy
2022-03-23,S005,0,Sunny
2022-03-24,S001,0,Sunny
2022-03-24,S002,0,Rainy
2022-03-24,S003,0,Sunny
2022-03-24,S004,0,Sunny
2022-03-24,S005,0,Sunny
2022-03-25,S001,0,Cloudy
2022-03-25,S002,0,Sunny
2022-03-25,S003,0,Cloudy
2022-03-25,S004,0,Cloudy
2022-03-25,S005,0,Cloudy
2022-03-26,S001,0,Cloudy
2022-03-26,S002,0,Cloudy
2022-03-26,S003,0,Sunny
2022-03-26,S004,0,Sunny
2022-03-26,S005,0,Cloudy
2022-03-27,S001,0,Sunny
2022-03-27,S002,0,Sunny
2022-03-27,S003,0,Sunny
2022-03-27,S004,0,Rainy
2022-03-27,S005,0,Sunny
2022-03-28,S001,0,Rainy
2022-03-28,S002,0,Rainy
2022-03-28,S003,0,Rainy
2022-03-28,S004,0,Rainy
2022-03-28,S005,0,Rainy
2022-03-29,S001,0,Sunny
2022-03-29,S002,0,Cloudy
2022-03-29,S003,0,Cloudy
2022-03-29,S004,0,Rainy
2022-03-29,S005,0,Sunny
2022-03-30,S001,0,Cloudy
2022-03-30,S002,0,Cloudy
2022-03-30,S003,0,Cloudy
2022-03-30,S004,0,Rainy
2022-03-30,S005,0,Cloudy
2022-03-31,S001,0,Rainy
2022-03-31,S002,0,Cloudy
2022-03-31,S003,0,Rainy
2022-03-31,S004,0,Sunny
2022-03-31,S005,0,Rainy
2022-04-01,S001,0,Cloudy
2022-04-01,S002,0,Sunny
2022-04-01,S003,0,Rainy
2022-04-01,S004,0,Sunny
2022-04-01,S005,0,Cloudy
2022-04-02,S001,0,Rainy
2022-04-02,S002,0,Sunny
2022-04-02,S003,0,Sunny
2022-04-02,S004,0,Rainy
2022-04-02,S005,0,Rainy
2022-04-03,S001,0,Cloudy
2022-04-03,S002,0,Sunny
2022-04-03,S003,0,Cloudy
2022-04-03,S004,0,Cloudy
2022-04-03,S005,0,Cloudy
2022-04-04,S001,0,Rainy
2022-04-04,S002,0,Cloudy
2022-04-04,S003,0,Rainy
2022-04-04,S004,0,Cloudy
2022-04-04,S005,0,Rainy
2022-04-05,S001,0,Cloudy
2022-04-05,S002,0,Rainy
2022-04-05,S003,0,Cloudy
2022-04-05,S004,0,Rainy
2022-04-05,S005,0,Cloudy
2022-04-06,S001,0,Cloudy
2022-04-06,S002,0,Cloudy
2022-04-06,S003,0,Sunny
2022-04-06,S004,0,Cloudy
2022-04-06,S005,0,Cloudy
2022-04-07,S001,0,Sunny
2022-04-07,S002,0,Rainy
2022-04-07,S003,0,Sunny
2022-04-07,S004,0,Cloudy
2022-04-07,S005,0,Sunny
2022-04-08,S001,0,Sunny
2022-04-08,S002,0,Sunny
2022-04-08,S003,0,Rainy
2022-04-08,S004,0,Rainy
2022-04-08,S005,0,Sunny
2022-04-09,S001,0,Cloudy
2022-04-09,S002,0,Sunny
2022-04-09,S003,0,Rainy
2022-04-09,S004,0,Rainy
2022-04-09,S005,0,Cloudy
2022-04-10,S001,0,Rainy
2022-04-10,S002,0,Cloudy
2022-04-10,S003,0,Cloudy
2022-04-10,S004,0,Cloudy
2022-04-10,S005,0,Rainy
2022-04-11,S001,0,Cloudy
2022-04-11,S002,0,Rainy
2022-04-11,S003,0,Sunny
2022-04-11,S004,0,Sunny
2022-04-11,S005,0,Cloudy
2022-04-12,S001,0,Sunny
2022-04-12,S002,0,Cloudy
2022-04-12,S003,0,Cloudy
2022-04-12,S004,0,Sunny
2022-04-12,S005,0,Sunny
2022-04-13,S001,0,Sunny
2022-04-13,S002,0,Cloudy
2022-04-13,S003,0,Cloudy
2022-04-13,S004,0,Sunny
2022-04-13,S005,0,Sunny
2022-04-14,S001,0,Sunny
2022-04-14,S002,0,Rainy
2022-04-14,S003,0,Cloudy
2022-04-14,S004,0,Rainy
2022-04-14,S005,0,Sunny
2022-04-15,S001,0,Sunny
2022-04-15,S002,0,Rainy
2022-04-15,S003,0,Sunny
2022-04-15,S004,0,Sunny
2022-04-15,S005,0,Sunny
2022-04-16,S001,0,Rainy
2022-04-16,S002,0,Rainy
2022-04-16,S003,0,Cloudy
2022-04-16,S004,0,Sunny
2022-04-16,S005,0,Rainy
2022-04-17,S001,0,Cloudy
2022-04-17,S002,0,Cloudy
2022-04-17,S003,0,Sunny
2022-04-17,S004,0,Sunny
2022-04-17,S005,0,Cloudy
2022-04-18,S001,0,Cloudy
2022-04-18,S002,0,Sunny
2022-04-18,S003,0,Cloudy
2022-04-18,S004,0,Cloudy
2022-04-18,S005,0,Cloudy
2022-04-19,S001,0,Sunny
2022-04-19,S002,0,Cloudy
2022-04-19,S003,0,Rainy
2022-04-19,S004,0,Cloudy
2022-04-19,S005,0,Sunny
2022-04-20,S001,0,Sunny
2022-04-20,S002,0,Rainy
2022-04-20,S003,0,Sunny
2022-04-20,S004,0,Cloudy
2022-04-20,S005,0,Sunny
2022-04-21,S001,0,Rainy
2022-04-21,S002,0,Rainy
2022-04-21,S003,0,Rainy
2022-04-21,S004,0,Rainy
2022-04-21,S005,0,Rainy
2022-04-22,S001,0,Rainy
2022-04-22,S002,0,Rainy
2022-04-22,S003,0,Rainy
2022-04-22,S004,0,Sunny
2022-04-22,S005,0,Rainy
2022-04-23,S001,1,Sunny
2022-04-23,S002,1,Cloudy
2022-04-23,S003,1,Sunny
2022-04-23,S004,1,Sunny
2022-04-23,S005,1,Sunny
2022-04-24,S001,1,Rainy
2022-04-24,S002,1,Rainy
2022-04-24,S003,1,Sunny
2022-04-24,S004,1,Sunny
2022-04-24,S005,1,Rainy
2022-04-25,S001,1,Sunny
2022-04-25,S002,1,Rainy
2022-04-25,S003,1,Sunny
2022-04-25,S004,1,Sunny
2022-04-25,S005,1,Sunny
2022-04-26,S001,1,Rainy
2022-04-26,S002,1,Rainy
2022-04-26,S003,1,Rainy
2022-04-26,S004,1,Cloudy
2022-04-26,S005,1,Rainy
2022-04-27,S001,1,Rainy
2022-04-27,S002,1,Sunny
2022-04-27,S003,1,Cloudy
2022-04-27,S004,1,Sunny
2022-04-27,S005,1,Rainy
2022-04-28,S001,1,Cloudy
2022-04-28,S002,1,Cloudy
2022-04-28,S003,1,Rainy
2022-04-28,S004,1,Sunny
2022-04-28,S005,1,Cloudy
2022-04-29,S001,1,Sunny
2022-04-29,S002,1,Rainy
2022-04-29,S003,1,Sunny
2022-04-29,S004,1,Rainy
2022-04-29,S005,1,Sunny
2022-04-30,S001,1,Sunny
2022-04-30,S002,1,Sunny
2022-04-30,S003,1,Rainy
2022-04-30,S004,1,Rainy
2022-04-30,S005,1,Sunny
2022-05-01,S001,1,Cloudy
2022-05-01,S002,1,Sunny
2022-05-01,S003,1,Rainy
2022-05-01,S004,1,Sunny
2022-05-01,S005,1,Cloudy
2022-05-02,S001,1,Rainy
2022-05-02,S002,1,Sunny
2022-05-02,S003,1,Sunny
2022-05-02,S004,1,Rainy
2022-05-02,S005,1,Rainy
2022-05-03,S001,1,Sunny
2022-05-03,S002,1,Rainy
2022-05-03,S003,1,Cloudy
2022-05-03,S004,1,Sunny
2022-05-03,S005,1,Sunny
2022-05-04,S001,1,Cloudy
2022-05-04,S002,1,Sunny
2022-05-04,S003,1,Cloudy
2022-05-04,S004,1,Rainy
2022-05-04,S005,1,Cloudy
2022-05-05,S001,1,Cloudy
2022-05-05,S002,1,Sunny
2022-05-05,S003,1,Rainy
2022-05-05,S004,1,Rainy
2022-05-05,S005,1,Cloudy
2022-05-06,S001,1,Rainy
2022-05-06,S002,1,Sunny
2022-05-06,S003,1,Sunny
2022-05-06,S004,1,Sunny
2022-05-06,S005,1,Rainy
2022-05-07,S001,1,Rainy
2022-05-07,S002,1,Sunny
2022-05-07,S003,1,Sunny
2022-05-07,S004,1,Cloudy
2022-05-07,S005,1,Rainy
2022-05-08,S001,1,Rainy
2022-05-08,S002,1,Cloudy
2022-05-08,S003,1,Sunny
2022-05-08,S004,1,Cloudy
2022-05-08,S005,1,Rainy
2022-05-09,S001,1,Cloudy
2022-05-09,S002,1,Cloudy
2022-05-09,S003,1,Cloudy
2022-05-09,S004,1,Sunny
2022-05-09,S005,1,Cloudy
2022-05-10,S001,1,Sunny
2022-05-10,S002,1,Rainy
2022-05-10,S003,1,Sunny
2022-05-10,S004,1,Rainy
2022-05-10,S005,1,Sunny
2022-05-11,S001,1,Cloudy
2022-05-11,S002,1,Sunny
2022-05-11,S003,1,Cloudy
2022-05-11,S004,1,Cloudy
2022-05-11,S005,1,Cloudy
2022-05-12,S001,1,Rainy
2022-05-12,S002,1,Rainy
2022-05-12,S003,1,Cloudy
2022-05-12,S004,1,Cloudy
2022-05-12,S005,1,Rainy
2022-05-13,S001,1,Sunny
2022-05-13,S002,1,Sunny
2022-05-13,S003,1,Rainy
2022-05-13,S004,1,Rainy
2022-05-13,S005,1,Sunny
2022-05-14,S001,1,Rainy
2022-05-14,S002,1,Cloudy
2022-05-14,S003,1,Rainy
2022-05-14,S004,1,Cloudy
2022-05-14,S005,1,Rainy
2022-05-15,S001,1,Cloudy
2022-05-15,S002,1,Cloudy
2022-05-15,S003,1,Sunny
2022-05-15,S004,1,Sunny
2022-05-15,S005,1,Cloudy
2022-05-16,S001,1,Rainy
2022-05-16,S002,1,Sunny
2022-05-16,S003,1,Cloudy
2022-05-16,S004,1,Sunny
2022-05-16,S005,1,Rainy
2022-05-17,S001,1,Sunny
2022-05-17,S002,1,Cloudy
2022-05-17,S003,1,Rainy
2022-05-17,S004,1,Sunny
2022-05-17,S005,1,Sunny
2022-05-18,S001,1,Cloudy
2022-05-18,S002,1,Rainy
2022-05-18,S003,1,Cloudy
2022-05-18,S004,1,Cloudy
2022-05-18,S005,1,Cloudy
2022-05-19,S001,1,Cloudy
2022-05-19,S002,1,Rainy
2022-05-19,S003,1,Rainy
2022-05-19,S004,1,Cloudy
2022-05-19,S005,1,Cloudy
2022-05-20,S001,1,Cloudy
2022-05-20,S002,1,Cloudy
2022-05-20,S003,1,Sunny
2022-05-20,S004,1,Rainy
2022-05-20,S005,1,Cloudy
2022-05-21,S001,1,Rainy
2022-05-21,S002,1,Sunny
2022-05-21,S003,1,Cloudy
2022-05-21,S004,1,Cloudy
2022-05-21,S005,1,Rainy
2022-05-22,S001,1,Cloudy
2022-05-22,S002,1,Sunny
2022-05-22,S003,1,Sunny
2022-05-22,S004,1,Sunny
2022-05-22,S005,1,Cloudy
2022-05-23,S001,1,Rainy
2022-05-23,S002,1,Cloudy
2022-05-23,S003,1,Cloudy
2022-05-23,S004,1,Rainy
2022-05-23,S005,1,Rainy
2022-05-24,S001,1,Rainy
2022-05-24,S002,1,Rainy
2022-05-24,S003,1,Cloudy
2022-05-24,S004,1,Cloudy
2022-05-24,S005,1,Rainy
2022-05-25,S001,1,Sunny
2022-05-25,S002,1,Cloudy
2022-05-25,S003,1,Cloudy
2022-05-25,S004,1,Cloudy
2022-05-25,S005,1,Sunny
2022-05-26,S001,0,Rainy
2022-05-26,S002,0,Rainy
2022-05-26,S003,0,Sunny
2022-05-26,S004,0,Sunny
2022-05-26,S005,0,Rainy
2022-05-27,S001,0,Cloudy
2022-05-27,S002,0,Cloudy
2022-05-27,S003,0,Cloudy
2022-05-27,S004,0,Sunny
2022-05-27,S005,0,Cloudy
2022-05-28,S001,0,Cloudy
2022-05-28,S002,0,Rainy
2022-05-28,S003,0,Sunny
2022-05-28,S004,0,Sunny
2022-05-28,S005,0,Cloudy
2022-05-29,S001,0,Cloudy
2022-05-29,S002,0,Cloudy
2022-05-29,S003,0,Sunny
2022-05-29,S004,0,Sunny
2022-05-29,S005,0,Cloudy
2022-05-30,S001,0,Cloudy
2022-05-30,S002,0,Rainy
2022-05-30,S003,0,Cloudy
2022-05-30,S004,0,Sunny
2022-05-30,S005,0,Cloudy
2022-05-31,S001,0,Cloudy
2022-05-31,S002,0,Cloudy
2022-05-31,S003,0,Cloudy
2022-05-31,S004,0,Rainy
2022-05-31,S005,0,Cloudy
2022-06-01,S001,0,Rainy
2022-06-01,S002,0,Cloudy
2022-06-01,S003,0,Rainy
2022-06-01,S004,0,Cloudy
2022-06-01,S005,0,Rainy
2022-06-02,S001,0,Sunny
2022-06-02,S002,0,Cloudy
2022-06-02,S003,0,Rainy
2022-06-02,S004,0,Cloudy
2022-06-02,S005,0,Sunny
2022-06-03,S001,0,Sunny
2022-06-03,S002,0,Rainy
2022-06-03,S003,0,Sunny
2022-06-03,S004,0,Cloudy
2022-06-03,S005,0,Sunny
2022-06-04,S001,0,Cloudy
2022-06-04,S002,0,Rainy
2022-06-04,S003,0,Rainy
2022-06-04,S004,0,Sunny
2022-06-04,S005,0,Cloudy
2022-06-05,S001,0,Rainy
2022-06-05,S002,0,Cloudy
2022-06-05,S003,0,Cloudy
2022-06-05,S004,0,Cloudy
2022-06-05,S005,0,Rainy
2022-06-06,S001,0,Rainy
2022-06-06,S002,0,Rainy
2022-06-06,S003,0,Cloudy
2022-06-06,S004,0,Rainy
2022-06-06,S005,0,Rainy
2022-06-07,S001,0,Rainy
2022-06-07,S002,0,Rainy
2022-06-07,S003,0,Rainy
2022-06-07,S004,0,Rainy
2022-06-07,S005,0,Rainy
2022-06-08,S001,0,Sunny
2022-06-08,S002,0,Rainy
2022-06-08,S003,0,Rainy
2022-06-08,S004,0,Cloudy
2022-06-08,S005,0,Sunny
2022-06-09,S001,0,Cloudy
2022-06-09,S002,0,Rainy
2022-06-09,S003,0,Cloudy
2022-06-09,S004,0,Cloudy
2022-06-09,S005,0,Cloudy
2022-06-10,S001,0,Cloudy
2022-06-10,S002,0,Sunny
2022-06-10,S003,0,Rainy
2022-06-10,S004,0,Rainy
2022-06-10,S005,0,Cloudy
2022-06-11,S001,0,Sunny
2022-06-11,S002,0,Rainy
2022-06-11,S003,0,Sunny
2022-06-11,S004,0,Sunny
2022-06-11,S005,0,Sunny
2022-06-12,S001,0,Cloudy
2022-06-12,S002,0,Sunny
2022-06-12,S003,0,Sunny
2022-06-12,S004,0,Rainy
2022-06-12,S005,0,Cloudy
2022-06-13,S001,0,Rainy
2022-06-13,S002,0,Cloudy
2022-06-13,S003,0,Sunny
2022-06-13,S004,0,Rainy
2022-06-13,S005,0,Rainy
2022-06-14,S001,0,Sunny
2022-06-14,S002,0,Rainy
2022-06-14,S003,0,Sunny
2022-06-14,S004,0,Rainy
2022-06-14,S005,0,Sunny
2022-06-15,S001,0,Rainy
2022-06-15,S002,0,Sunny
2022-06-15,S003,0,Rainy
2022-06-15,S004,0,Cloudy
2022-06-15,S005,0,Rainy
2022-06-16,S001,0,Rainy
2022-06-16,S002,0,Rainy
2022-06-16,S003,0,Cloudy
2022-06-16,S004,0,Rainy
2022-06-16,S005,0,Rainy
2022-06-17,S001,0,Sunny
2022-06-17,S002,0,Cloudy
2022-06-17,S003,0,Rainy
2022-06-17,S004,0,Rainy
2022-06-17,S005,0,Sunny
2022-06-18,S001,0,Rainy
2022-06-18,S002,0,Cloudy
2022-06-18,S003,0,Cloudy
2022-06-18,S004,0,Cloudy
2022-06-18,S005,0,Rainy
2022-06-19,S001,0,Rainy
2022-06-19,S002,0,Cloudy
2022-06-19,S003,0,Cloudy
2022-06-19,S004,0,Cloudy
2022-06-19,S005,0,Rainy
2022-06-20,S001,0,Cloudy
2022-06-20,S002,0,Cloudy
2022-06-20,S003,0,Cloudy
2022-06-20,S004,0,Cloudy
2022-06-20,S005,0,Cloudy
2022-06-21,S001,0,Sunny
2022-06-21,S002,0,Cloudy
2022-06-21,S003,0,Cloudy
2022-06-21,S004,0,Cloudy
2022-06-21,S005,0,Sunny
2022-06-22,S001,0,Sunny
2022-06-22,S002,0,Rainy
2022-06-22,S003,0,Cloudy
2022-06-22,S004,0,Cloudy
2022-06-22,S005,0,Sunny
2022-06-23,S001,0,Rainy
2022-06-23,S002,0,Sunny
2022-06-23,S003,0,Rainy
2022-06-23,S004,0,Cloudy
2022-06-23,S005,0,Rainy
2022-06-24,S001,0,Rainy
2022-06-24,S002,0,Sunny
2022-06-24,S003,0,Sunny
2022-06-24,S004,0,Sunny
2022-06-24,S005,0,Rainy
2022-06-25,S001,0,Cloudy
2022-06-25,S002,0,Cloudy
2022-06-25,S003,0,Rainy
2022-06-25,S004,0,Rainy
2022-06-25,S005,0,Cloudy
2022-06-26,S001,0,Sunny
2022-06-26,S002,0,Rainy
2022-06-26,S003,0,Cloudy
2022-06-26,S004,0,Sunny
2022-06-26,S005,0,Sunny
2022-06-27,S001,0,Rainy
2022-06-27,S002,0,Sunny
2022-06-27,S003,0,Sunny
2022-06-27,S004,0,Cloudy
2022-06-27,S005,0,Rainy
2022-06-28,S001,0,Cloudy
2022-06-28,S002,0,Sunny
2022-06-28,S003,0,Cloudy
2022-06-28,S004,0,Sunny
2022-06-28,S005,0,Cloudy
2022-06-29,S001,1,Cloudy
2022-06-29,S002,1,Sunny
2022-06-29,S003,1,Rainy
2022-06-29,S004,1,Rainy
2022-06-29,S005,1,Cloudy
2022-06-30,S001,1,Rainy
2022-06-30,S002,1,Sunny
2022-06-30,S003,1,Rainy
2022-06-30,S004,1,Rainy
2022-06-30,S005,1,Rainy
2022-07-01,S001,1,Cloudy
2022-07-01,S002,1,Sunny
2022-07-01,S003,1,Rainy
2022-07-01,S004,1,Rainy
2022-07-01,S005,1,Cloudy
2022-07-02,S001,1,Rainy
2022-07-02,S002,1,Rainy
2022-07-02,S003,1,Rainy
2022-07-02,S004,1,Cloudy
2022-07-02,S005,1,Rainy
2022-07-03,S001,1,Sunny
2022-07-03,S002,1,Cloudy
2022-07-03,S003,1,Sunny
2022-07-03,S004,1,Rainy
2022-07-03,S005,1,Sunny
2022-07-04,S001,1,Sunny
2022-07-04,S002,1,Rainy
2022-07-04,S003,1,Cloudy
2022-07-04,S004,1,Sunny
2022-07-04,S005,1,Sunny
2022-07-05,S001,1,Rainy
2022-07-05,S002,1,Sunny
2022-07-05,S003,1,Rainy
2022-07-05,S004,1,Cloudy
2022-07-05,S005,1,Rainy
2022-07-06,S001,1,Rainy
2022-07-06,S002,1,Rainy
2022-07-06,S003,1,Rainy
2022-07-06,S004,1,Sunny
2022-07-06,S005,1,Rainy
2022-07-07,S001,1,Cloudy
2022-07-07,S002,1,Rainy
2022-07-07,S003,1,Sunny
2022-07-07,S004,1,Sunny
2022-07-07,S005,1,Cloudy
2022-07-08,S001,1,Sunny
2022-07-08,S002,1,Cloudy
2022-07-08,S003,1,Sunny
2022-07-08,S004,1,Cloudy
2022-07-08,S005,1,Sunny
2022-07-09,S001,1,Rainy
2022-07-09,S002,1,Cloudy
2022-07-09,S003,1,Rainy
2022-07-09,S004,1,Cloudy
2022-07-09,S005,1,Rainy
2022-07-10,S001,1,Cloudy
2022-07-10,S002,1,Cloudy
2022-07-10,S003,1,Sunny
2022-07-10,S004,1,Cloudy
2022-07-10,S005,1,Cloudy
2022-07-11,S001,1,Cloudy
2022-07-11,S002,1,Rainy
2022-07-11,S003,1,Cloudy
2022-07-11,S004,1,Sunny
2022-07-11,S005,1,Cloudy
2022-07-12,S001,1,Sunny
2022-07-12,S002,1,Cloudy
2022-07-12,S003,1,Rainy
2022-07-12,S004,1,Cloudy
2022-07-12,S005,1,Sunny
2022-07-13,S001,1,Sunny
2022-07-13,S002,1,Sunny
2022-07-13,S003,1,Rainy
2022-07-13,S004,1,Sunny
2022-07-13,S005,1,Sunny
2022-07-14,S001,1,Cloudy
2022-07-14,S002,1,Cloudy
2022-07-14,S003,1,Sunny
2022-07-14,S004,1,Rainy
2022-07-14,S005,1,Cloudy
2022-07-15,S001,1,Rainy
2022-07-15,S002,1,Cloudy
2022-07-15,S003,1,Rainy
2022-07-15,S004,1,Sunny
2022-07-15,S005,1,Rainy
2022-07-16,S001,1,Sunny
2022-07-16,S002,1,Cloudy
2022-07-16,S003,1,Rainy
2022-07-16,S004,1,Cloudy
2022-07-16,S005,1,Sunny
2022-07-17,S001,1,Cloudy
2022-07-17,S002,1,Cloudy
2022-07-17,S003,1,Rainy
2022-07-17,S004,1,Sunny
2022-07-17,S005,1,Cloudy
2022-07-18,S001,1,Rainy
2022-07-18,S002,1,Cloudy
2022-07-18,S003,1,Cloudy
2022-07-18,S004,1,Sunny
2022-07-18,S005,1,Rainy
2022-07-19,S001,1,Cloudy
2022-07-19,S002,1,Rainy
2022-07-19,S003,1,Rainy
2022-07-19,S004,1,Rainy
2022-07-19,S005,1,Cloudy
2022-07-20,S001,1,Rainy
2022-07-20,S002,1,Rainy
2022-07-20,S003,1,Rainy
2022-07-20,S004,1,Sunny
2022-07-20,S005,1,Rainy
2022-07-21,S001,1,Rainy
2022-07-21,S002,1,Rainy
2022-07-21,S003,1,Cloudy
2022-07-21,S004,1,Cloudy
2022-07-21,S005,1,Rainy
2022-07-22,S001,1,Sunny
2022-07-22,S002,1,Rainy
2022-07-22,S003,1,Cloudy
2022-07-22,S004,1,Cloudy
2022-07-22,S005,1,Sunny
2022-07-23,S001,1,Sunny
2022-07-23,S002,1,Sunny
2022-07-23,S003,1,Cloudy
2022-07-23,S004,1,Sunny
2022-07-23,S005,1,Sunny
2022-07-24,S001,1,Rainy
2022-07-24,S002,1,Rainy
2022-07-24,S003,1,Cloudy
2022-07-24,S004,1,Rainy
2022-07-24,S005,1,Rainy
2022-07-25,S001,0,Rainy
2022-07-25,S002,0,Cloudy
2022-07-25,S003,0,Rainy
2022-07-25,S004,0,Sunny
2022-07-25,S005,0,Rainy
2022-07-26,S001,0,Sunny
2022-07-26,S002,0,Rainy
2022-07-26,S003,0,Sunny
2022-07-26,S004,0,Sunny
2022-07-26,S005,0,Sunny
2022-07-27,S001,0,Rainy
2022-07-27,S002,0,Cloudy
2022-07-27,S003,0,Rainy
2022-07-27,S004,0,Cloudy
2022-07-27,S005,0,Rainy
2022-07-28,S001,0,Sunny
2022-07-28,S002,0,Sunny
2022-07-28,S003,0,Rainy
2022-07-28,S004,0,Sunny
2022-07-28,S005,0,Sunny
2022-07-29,S001,0,Rainy
2022-07-29,S002,0,Rainy
2022-07-29,S003,0,Rainy
2022-07-29,S004,0,Cloudy
2022-07-29,S005,0,Rainy
2022-07-30,S001,0,Rainy
2022-07-30,S002,0,Cloudy
2022-07-30,S003,0,Sunny
2022-07-30,S004,0,Sunny
2022-07-30,S005,0,Rainy
2022-07-31,S001,0,Sunny
2022-07-31,S002,0,Sunny
2022-07-31,S003,0,Rainy
2022-07-31,S004,0,Cloudy
2022-07-31,S005,0,Sunny
2022-08-01,S001,0,Rainy
2022-08-01,S002,0,Sunny
2022-08-01,S003,0,Rainy
2022-08-01,S004,0,Sunny
2022-08-01,S005,0,Rainy
2022-08-02,S001,0,Rainy
2022-08-02,S002,0,Cloudy
2022-08-02,S003,0,Cloudy
2022-08-02,S004,0,Sunny
2022-08-02,S005,0,Rainy
2022-08-03,S001,0,Sunny
2022-08-03,S002,0,Cloudy
2022-08-03,S003,0,Rainy
2022-08-03,S004,0,Cloudy
2022-08-03,S005,0,Sunny
2022-08-04,S001,0,Sunny
2022-08-04,S002,0,Cloudy
2022-08-04,S003,0,Rainy
2022-08-04,S004,0,Rainy
2022-08-04,S005,0,Sunny
2022-08-05,S001,0,Cloudy
2022-08-05,S002,0,Cloudy
2022-08-05,S003,0,Rainy
2022-08-05,S004,0,Cloudy
2022-08-05,S005,0,Cloudy
2022-08-06,S001,0,Sunny
2022-08-06,S002,0,Cloudy
2022-08-06,S003,0,Rainy
2022-08-06,S004,0,Sunny
2022-08-06,S005,0,Sunny
2022-08-07,S001,0,Cloudy
2022-08-07,S002,0,Rainy
2022-08-07,S003,0,Rainy
2022-08-07,S004,0,Cloudy
2022-08-07,S005,0,Cloudy
2022-08-08,S001,0,Rainy
2022-08-08,S002,0,Rainy
2022-08-08,S003,0,Cloudy
2022-08-08,S004,0,Rainy
2022-08-08,S005,0,Rainy
2022-08-09,S001,0,Sunny
2022-08-09,S002,0,Rainy
2022-08-09,S003,0,Rainy
2022-08-09,S004,0,Sunny
2022-08-09,S005,0,Sunny
2022-08-10,S001,0,Rainy
2022-08-10,S002,0,Cloudy
2022-08-10,S003,0,Rainy
2022-08-10,S004,0,Sunny
2022-08-10,S005,0,Rainy
2022-08-11,S001,0,Cloudy
2022-08-11,S002,0,Cloudy
2022-08-11,S003,0,Cloudy
2022-08-11,S004,0,Rainy
2022-08-11,S005,0,Cloudy
2022-08-12,S001,0,Cloudy
2022-08-12,S002,0,Cloudy
2022-08-12,S003,0,Rainy
2022-08-12,S004,0,Sunny
2022-08-12,S005,0,Cloudy
2022-08-13,S001,0,Cloudy
2022-08-13,S002,0,Rainy
2022-08-13,S003,0,Rainy
2022-08-13,S004,0,Cloudy
2022-08-13,S005,0,Cloudy
2022-08-14,S001,0,Sunny
2022-08-14,S002,0,Cloudy
2022-08-14,S003,0,Sunny
2022-08-14,S004,0,Rainy
2022-08-14,S005,0,Sunny
2022-08-15,S001,0,Cloudy
2022-08-15,S002,0,Cloudy
2022-08-15,S003,0,Rainy
2022-08-15,S004,0,Rainy
2022-08-15,S005,0,Cloudy
2022-08-16,S001,0,Cloudy
2022-08-16,S002,0,Sunny
2022-08-16,S003,0,Rainy
2022-08-16,S004,0,Rainy
2022-08-16,S005,0,Cloudy
2022-08-17,S001,0,Cloudy
2022-08-17,S002,0,Sunny
2022-08-17,S003,0,Cloudy
2022-08-17,S004,0,Cloudy
2022-08-17,S005,0,Cloudy
2022-08-18,S001,0,Sunny
2022-08-18,S002,0,Sunny
2022-08-18,S003,0,Rainy
2022-08-18,S004,0,Sunny
2022-08-18,S005,0,Sunny
2022-08-19,S001,0,Rainy
2022-08-19,S002,0,Rainy
2022-08-19,S003,0,Cloudy
2022-08-19,S004,0,Cloudy
2022-08-19,S005,0,Rainy
2022-08-20,S001,0,Cloudy
2022-08-20,S002,0,Rainy
2022-08-20,S003,0,Sunny
2022-08-20,S004,0,Rainy
2022-08-20,S005,0,Cloudy
2022-08-21,S001,0,Sunny
2022-08-21,S002,0,Cloudy
2022-08-21,S003,0,Cloudy
2022-08-21,S004,0,Rainy
2022-08-21,S005,0,Sunny
2022-08-22,S001,0,Rainy
2022-08-22,S002,0,Sunny
2022-08-22,S003,0,Sunny
2022-08-22,S004,0,Rainy
2022-08-22,S005,0,Rainy
2022-08-23,S001,0,Cloudy
2022-08-23,S002,0,Sunny
2022-08-23,S003,0,Sunny
2022-08-23,S004,0,Cloudy
2022-08-23,S005,0,Cloudy
2022-08-24,S001,0,Rainy
2022-08-24,S002,0,Cloudy
2022-08-24,S003,0,Cloudy
2022-08-24,S004,0,Sunny
2022-08-24,S005,0,Rainy
2022-08-25,S001,0,Sunny
2022-08-25,S002,0,Sunny
2022-08-25,S003,0,Cloudy
2022-08-25,S004,0,Rainy
2022-08-25,S005,0,Sunny
2022-08-26,S001,0,Rainy
2022-08-26,S002,0,Rainy
2022-08-26,S003,0,Cloudy
2022-08-26,S004,0,Cloudy
2022-08-26,S005,0,Rainy
2022-08-27,S001,0,Sunny
2022-08-27,S002,0,Cloudy
2022-08-27,S003,0,Rainy
2022-08-27,S004,0,Cloudy
2022-08-27,S005,0,Sunny
2022-08-28,S001,0,Cloudy
2022-08-28,S002,0,Sunny
2022-08-28,S003,0,Rainy
2022-08-28,S004,0,Sunny
2022-08-28,S005,0,Cloudy
2022-08-29,S001,0,Cloudy
2022-08-29,S002,0,Rainy
2022-08-29,S003,0,Rainy
2022-08-29,S004,0,Rainy
2022-08-29,S005,0,Cloudy
2022-08-30,S001,0,Cloudy
2022-08-30,S002,0,Cloudy
2022-08-30,S003,0,Sunny
2022-08-30,S004,0,Cloudy
2022-08-30,S005,0,Cloudy
2022-08-31,S001,0,Rainy
2022-08-31,S002,0,Cloudy
2022-08-31,S003,0,Sunny
2022-08-31,S004,0,Cloudy
2022-08-31,S005,0,Rainy
2022-09-01,S001,0,Rainy
2022-09-01,S002,0,Cloudy
2022-09-01,S003,0,Snowy
2022-09-01,S004,0,Sunny
2022-09-01,S005,0,Rainy
2022-09-02,S001,0,Sunny
2022-09-02,S002,0,Sunny
2022-09-02,S003,0,Snowy
2022-09-02,S004,0,Sunny
2022-09-02,S005,0,Sunny
2022-09-03,S001,0,Sunny
2022-09-03,S002,0,Snowy
2022-09-03,S003,0,Sunny
2022-09-03,S004,0,Rainy
2022-09-03,S005,0,Sunny
2022-09-04,S001,0,Cloudy
2022-09-04,S002,0,Cloudy
2022-09-04,S003,0,Sunny
2022-09-04,S004,0,Snowy
2022-09-04,S005,0,Cloudy
2022-09-05,S001,0,Snowy
2022-09-05,S002,0,Sunny
2022-09-05,S003,0,Snowy
2022-09-05,S004,0,Cloudy
2022-09-05,S005,0,Snowy
2022-09-06,S001,0,Sunny
2022-09-06,S002,0,Snowy
2022-09-06,S003,0,Snowy
2022-09-06,S004,0,Sunny
2022-09-06,S005,0,Sunny
2022-09-07,S001,0,Sunny
2022-09-07,S002,0,Rainy
2022-09-07,S003,0,Snowy
2022-09-07,S004,0,Cloudy
2022-09-07,S005,0,Sunny
2022-09-08,S001,0,Snowy
2022-09-08,S002,0,Cloudy
2022-09-08,S003,0,Cloudy
2022-09-08,S004,0,Sunny
2022-09-08,S005,0,Snowy
2022-09-09,S001,0,Cloudy
2022-09-09,S002,0,Cloudy
2022-09-09,S003,0,Snowy
2022-09-09,S004,0,Sunny
2022-09-09,S005,0,Cloudy
2022-09-10,S001,0,Sunny
2022-09-10,S002,0,Snowy
2022-09-10,S003,0,Snowy
2022-09-10,S004,0,Rainy
2022-09-10,S005,0,Sunny
2022-09-11,S001,0,Cloudy
2022-09-11,S002,0,Cloudy
2022-09-11,S003,0,Cloudy
2022-09-11,S004,0,Sunny
2022-09-11,S005,0,Cloudy
2022-09-12,S001,0,Snowy
2022-09-12,S002,0,Cloudy
2022-09-12,S003,0,Rainy
2022-09-12,S004,0,Snowy
2022-09-12,S005,0,Snowy
2022-09-13,S001,0,Rainy
2022-09-13,S002,0,Snowy
2022-09-13,S003,0,Rainy
2022-09-13,S004,0,Sunny
2022-09-13,S005,0,Rainy
2022-09-14,S001,0,Rainy
2022-09-14,S002,0,Rainy
2022-09-14,S003,0,Cloudy
2022-09-14,S004,0,Snowy
2022-09-14,S005,0,Rainy
2022-09-15,S001,0,Cloudy
2022-09-15,S002,0,Sunny
2022-09-15,S003,0,Sunny
2022-09-15,S004,0,Sunny
2022-09-15,S005,0,Cloudy
2022-09-16,S001,0,Snowy
2022-09-16,S002,0,Sunny
2022-09-16,S003,0,Sunny
2022-09-16,S004,0,Snowy
2022-09-16,S005,0,Snowy
2022-09-17,S001,0,Cloudy
2022-09-17,S002,0,Cloudy
2022-09-17,S003,0,Rainy
2022-09-17,S004,0,Cloudy
2022-09-17,S005,0,Cloudy
2022-09-18,S001,0,Rainy
2022-09-18,S002,0,Rainy
2022-09-18,S003,0,Cloudy
2022-09-18,S004,0,Sunny
2022-09-18,S005,0,Rainy
2022-09-19,S001,0,Sunny
2022-09-19,S002,0,Snowy
2022-09-19,S003,0,Rainy
2022-09-19,S004,0,Sunny
2022-09-19,S005,0,Sunny
2022-09-20,S001,0,Rainy
2022-09-20,S002,0,Sunny
2022-09-20,S003,0,Sunny
2022-09-20,S004,0,Sunny
2022-09-20,S005,0,Rainy
2022-09-21,S001,0,Rainy
2022-09-21,S002,0,Rainy
2022-09-21,S003,0,Rainy
2022-09-21,S004,0,Sunny
2022-09-21,S005,0,Rainy
2022-09-22,S001,0,Rainy
2022-09-22,S002,0,Snowy
2022-09-22,S003,0,Snowy
2022-09-22,S004,0,Snowy
2022-09-22,S005,0,Rainy
2022-09-23,S001,0,Sunny
2022-09-23,S002,0,Sunny
2022-09-23,S003,0,Cloudy
2022-09-23,S004,0,Rainy
2022-09-23,S005,0,Sunny
2022-09-24,S001,0,Sunny
2022-09-24,S002,0,Sunny
2022-09-24,S003,0,Sunny
2022-09-24,S004,0,Sunny
2022-09-24,S005,0,Sunny
2022-09-25,S001,0,Snowy
2022-09-25,S002,0,Snowy
2022-09-25,S003,0,Rainy
2022-09-25,S004,0,Cloudy
2022-09-25,S005,0,Snowy
2022-09-26,S001,0,Sunny
2022-09-26,S002,0,Rainy
2022-09-26,S003,0,Sunny
2022-09-26,S004,0,Rainy
2022-09-26,S005,0,Sunny
2022-09-27,S001,0,Cloudy
2022-09-27,S002,0,Sunny
2022-09-27,S003,0,Sunny
2022-09-27,S004,0,Snowy
2022-09-27,S005,0,Cloudy
2022-09-28,S001,0,Rainy
2022-09-28,S002,0,Rainy
2022-09-28,S003,0,Cloudy
2022-09-28,S004,0,Rainy
2022-09-28,S005,0,Rainy
2022-09-29,S001,0,Rainy
2022-09-29,S002,0,Sunny
2022-09-29,S003,0,Cloudy
2022-09-29,S004,0,Cloudy
2022-09-29,S005,0,Rainy
2022-09-30,S001,0,Rainy
2022-09-30,S002,0,Rainy
2022-09-30,S003,0,Cloudy
2022-09-30,S004,0,Cloudy
2022-09-30,S005,0,Rainy
2022-10-01,S001,0,Rainy
2022-10-01,S002,0,Snowy
2022-10-01,S003,0,Snowy
2022-10-01,S004,0,Rainy
2022-10-01,S005,0,Rainy
2022-10-02,S001,0,Sunny
2022-10-02,S002,0,Sunny
2022-10-02,S003,0,Rainy
2022-10-02,S004,0,Rainy
2022-10-02,S005,0,Sunny
2022-10-03,S001,0,Snowy
2022-10-03,S002,0,Snowy
2022-10-03,S003,0,Snowy
2022-10-03,S004,0,Sunny
2022-10-03,S005,0,Snowy
2022-10-04,S001,0,Rainy
2022-10-04,S002,0,Snowy
2022-10-04,S003,0,Cloudy
2022-10-04,S004,0,Sunny
2022-10-04,S005,0,Rainy
2022-10-05,S001,0,Rainy
2022-10-05,S002,0,Rainy
2022-10-05,S003,0,Snowy
2022-10-05,S004,0,Sunny
2022-10-05,S005,0,Rainy
2022-10-06,S001,0,Snowy
2022-10-06,S002,0,Snowy
2022-10-06,S003,0,Cloudy
2022-10-06,S004,0,Sunny
2022-10-06,S005,0,Snowy
2022-10-07,S001,0,Sunny
2022-10-07,S002,0,Rainy
2022-10-07,S003,0,Snowy
2022-10-07,S004,0,Snowy
2022-10-07,S005,0,Sunny
2022-10-08,S001,0,Sunny
2022-10-08,S002,0,Snowy
2022-10-08,S003,0,Rainy
2022-10-08,S004,0,Rainy
2022-10-08,S005,0,Sunny
2022-10-09,S001,0,Cloudy
2022-10-09,S002,0,Cloudy
2022-10-09,S003,0,Snowy
2022-10-09,S004,0,Sunny
2022-10-09,S005,0,Cloudy
2022-10-10,S001,0,Rainy
2022-10-10,S002,0,Cloudy
2022-10-10,S003,0,Sunny
2022-10-10,S004,0,Snowy
2022-10-10,S005,0,Rainy
2022-10-11,S001,0,Rainy
2022-10-11,S002,0,Snowy
2022-10-11,S003,0,Sunny
2022-10-11,S004,0,Sunny
2022-10-11,S005,0,Rainy
2022-10-12,S001,0,Rainy
2022-10-12,S002,0,Sunny
2022-10-12,S003,0,Sunny
2022-10-12,S004,0,Sunny
2022-10-12,S005,0,Rainy
2022-10-13,S001,0,Cloudy
2022-10-13,S002,0,Cloudy
2022-10-13,S003,0,Cloudy
2022-10-13,S004,0,Rainy
2022-10-13,S005,0,Cloudy
2022-10-14,S001,0,Snowy
2022-10-14,S002,0,Rainy
2022-10-14,S003,0,Rainy
2022-10-14,S004,0,Rainy
2022-10-14,S005,0,Snowy
2022-10-15,S001,0,Sunny
2022-10-15,S002,0,Sunny
2022-10-15,S003,0,Sunny
2022-10-15,S004,0,Rainy
2022-10-15,S005,0,Sunny
2022-10-16,S001,0,Snowy
2022-10-16,S002,0,Cloudy
2022-10-16,S003,0,Cloudy
2022-10-16,S004,0,Sunny
2022-10-16,S005,0,Snowy
2022-10-17,S001,0,Cloudy
2022-10-17,S002,0,Snowy
2022-10-17,S003,0,Snowy
2022-10-17,S004,0,Rainy
2022-10-17,S005,0,Cloudy
2022-10-18,S001,0,Snowy
2022-10-18,S002,0,Rainy
2022-10-18,S003,0,Snowy
2022-10-18,S004,0,Sunny
2022-10-18,S005,0,Snowy
2022-10-19,S001,0,Rainy
2022-10-19,S002,0,Rainy
2022-10-19,S003,0,Snowy
2022-10-19,S004,0,Sunny
2022-10-19,S005,0,Rainy
2022-10-20,S001,0,Rainy
2022-10-20,S002,0,Snowy
2022-10-20,S003,0,Cloudy
2022-10-20,S004,0,Snowy
2022-10-20,S005,0,Rainy
2022-10-21,S001,0,Rainy
2022-10-21,S002,0,Cloudy
2022-10-21,S003,0,Cloudy
2022-10-21,S004,0,Snowy
2022-10-21,S005,0,Rainy
2022-10-22,S001,0,Cloudy
2022-10-22,S002,0,Rainy
2022-10-22,S003,0,Rainy
2022-10-22,S004,0,Cloudy
2022-10-22,S005,0,Cloudy
2022-10-23,S001,0,Sunny
2022-10-23,S002,0,Rainy
2022-10-23,S003,0,Rainy
2022-10-23,S004,0,Cloudy
2022-10-23,S005,0,Sunny
2022-10-24,S001,0,Sunny
2022-10-24,S002,0,Sunny
2022-10-24,S003,0,Cloudy
2022-10-24,S004,0,Cloudy
2022-10-24,S005,0,Sunny
2022-10-25,S001,0,Rainy
2022-10-25,S002,0,Sunny
2022-10-25,S003,0,Cloudy
2022-10-25,S004,0,Rainy
2022-10-25,S005,0,Rainy
2022-10-26,S001,0,Snowy
2022-10-26,S002,0,Rainy
2022-10-26,S003,0,Rainy
2022-10-26,S004,0,Snowy
2022-10-26,S005,0,Snowy
2022-10-27,S001,0,Rainy
2022-10-27,S002,0,Cloudy
2022-10-27,S003,0,Cloudy
2022-10-27,S004,0,Cloudy
2022-10-27,S005,0,Rainy
2022-10-28,S001,0,Sunny
2022-10-28,S002,0,Rainy
2022-10-28,S003,0,Rainy
2022-10-28,S004,0,Rainy
2022-10-28,S005,0,Sunny
2022-10-29,S001,0,Sunny
2022-10-29,S002,0,Sunny
2022-10-29,S003,0,Rainy
2022-10-29,S004,0,Snowy
2022-10-29,S005,0,Sunny
2022-10-30,S001,0,Snowy
2022-10-30,S002,0,Cloudy
2022-10-30,S003,0,Snowy
2022-10-30,S004,0,Cloudy
2022-10-30,S005,0,Snowy
2022-10-31,S001,0,Snowy
2022-10-31,S002,0,Sunny
2022-10-31,S003,0,Snowy
2022-10-31,S004,0,Cloudy
2022-10-31,S005,0,Snowy
2022-11-01,S001,0,Cloudy
2022-11-01,S002,0,Rainy
2022-11-01,S003,0,Snowy
2022-11-01,S004,0,Sunny
2022-11-01,S005,0,Cloudy
2022-11-02,S001,0,Snowy
2022-11-02,S002,0,Sunny
2022-11-02,S003,0,Sunny
2022-11-02,S004,0,Rainy
2022-11-02,S005,0,Snowy
2022-11-03,S001,0,Snowy
2022-11-03,S002,0,Snowy
2022-11-03,S003,0,Rainy
2022-11-03,S004,0,Snowy
2022-11-03,S005,0,Snowy
2022-11-04,S001,0,Sunny
2022-11-04,S002,0,Cloudy
2022-11-04,S003,0,Cloudy
2022-11-04,S004,0,Rainy
2022-11-04,S005,0,Sunny
2022-11-05,S001,0,Sunny
2022-11-05,S002,0,Cloudy
2022-11-05,S003,0,Cloudy
2022-11-05,S004,0,Snowy
2022-11-05,S005,0,Sunny
2022-11-06,S001,0,Rainy
2022-11-06,S002,0,Cloudy
2022-11-06,S003,0,Sunny
2022-11-06,S004,0,Snowy
2022-11-06,S005,0,Rainy
2022-11-07,S001,0,Snowy
2022-11-07,S002,0,Cloudy
2022-11-07,S003,0,Snowy
2022-11-07,S004,0,Sunny
2022-11-07,S005,0,Snowy
2022-11-08,S001,0,Cloudy
2022-11-08,S002,0,Sunny
2022-11-08,S003,0,Snowy
2022-11-08,S004,0,Rainy
2022-11-08,S005,0,Cloudy
2022-11-09,S001,0,Sunny
2022-11-09,S002,0,Snowy
2022-11-09,S003,0,Rainy
2022-11-09,S004,0,Rainy
2022-11-09,S005,0,Sunny
2022-11-10,S001,0,Rainy
2022-11-10,S002,0,Sunny
2022-11-10,S003,0,Sunny
2022-11-10,S004,0,Sunny
2022-11-10,S005,0,Rainy
2022-11-11,S001,0,Snowy
2022-11-11,S002,0,Cloudy
2022-11-11,S003,0,Rainy
2022-11-11,S004,0,Rainy
2022-11-11,S005,0,Snowy
2022-11-12,S001,0,Sunny
2022-11-12,S002,0,Cloudy
2022-11-12,S003,0,Cloudy
2022-11-12,S004,0,Rainy
2022-11-12,S005,0,Sunny
2022-11-13,S001,0,Rainy
2022-11-13,S002,0,Snowy
2022-11-13,S003,0,Cloudy
2022-11-13,S004,0,Sunny
2022-11-13,S005,0,Rainy
2022-11-14,S001,0,Rainy
2022-11-14,S002,0,Rainy
2022-11-14,S003,0,Snowy
2022-11-14,S004,0,Sunny
2022-11-14,S005,0,Rainy
2022-11-15,S001,0,Cloudy
2022-11-15,S002,0,Cloudy
2022-11-15,S003,0,Sunny
2022-11-15,S004,0,Cloudy
2022-11-15,S005,0,Cloudy
2022-11-16,S001,0,Sunny
2022-11-16,S002,0,Snowy
2022-11-16,S003,0,Sunny
2022-11-16,S004,0,Sunny
2022-11-16,S005,0,Sunny
2022-11-17,S001,0,Snowy
2022-11-17,S002,0,Rainy
2022-11-17,S003,0,Sunny
2022-11-17,S004,0,Rainy
2022-11-17,S005,0,Snowy
2022-11-18,S001,0,Cloudy
2022-11-18,S002,0,Rainy
2022-11-18,S003,0,Snowy
2022-11-18,S004,0,Sunny
2022-11-18,S005,0,Cloudy
2022-11-19,S001,0,Rainy
2022-11-19,S002,0,Snowy
2022-11-19,S003,0,Sunny
2022-11-19,S004,0,Sunny
2022-11-19,S005,0,Rainy
2022-11-20,S001,0,Snowy
2022-11-20,S002,0,Snowy
2022-11-20,S003,0,Sunny
2022-11-20,S004,0,Rainy
2022-11-20,S005,0,Snowy
2022-11-21,S001,0,Cloudy
2022-11-21,S002,0,Snowy
2022-11-21,S003,0,Cloudy
2022-11-21,S004,0,Cloudy
2022-11-21,S005,0,Cloudy
2022-11-22,S001,0,Rainy
2022-11-22,S002,0,Cloudy
2022-11-22,S003,0,Cloudy
2022-11-22,S004,0,Cloudy
2022-11-22,S005,0,Rainy
2022-11-23,S001,0,Rainy
2022-11-23,S002,0,Snowy
2022-11-23,S003,0,Rainy
2022-11-23,S004,0,Sunny
2022-11-23,S005,0,Rainy
2022-11-24,S001,0,Sunny
2022-11-24,S002,0,Sunny
2022-11-24,S003,0,Cloudy
2022-11-24,S004,0,Snowy
2022-11-24,S005,0,Sunny
2022-11-25,S001,0,Rainy
2022-11-25,S002,0,Snowy
2022-11-25,S003,0,Cloudy
2022-11-25,S004,0,Sunny
2022-11-25,S005,0,Rainy
2022-11-26,S001,0,Sunny
2022-11-26,S002,0,Cloudy
2022-11-26,S003,0,Sunny
2022-11-26,S004,0,Rainy
2022-11-26,S005,0,Sunny
2022-11-27,S001,0,Rainy
2022-11-27,S002,0,Sunny
2022-11-27,S003,0,Cloudy
2022-11-27,S004,0,Snowy
2022-11-27,S005,0,Rainy
2022-11-28,S001,0,Snowy
2022-11-28,S002,0,Snowy
2022-11-28,S003,0,Snowy
2022-11-28,S004,0,Sunny
2022-11-28,S005,0,Snowy
2022-11-29,S001,0,Rainy
2022-11-29,S002,0,Cloudy
2022-11-29,S003,0,Snowy
2022-11-29,S004,0,Sunny
2022-11-29,S005,0,Rainy
2022-11-30,S001,0,Sunny
2022-11-30,S002,0,Sunny
2022-11-30,S003,0,Rainy
2022-11-30,S004,0,Snowy
2022-11-30,S005,0,Sunny
2022-12-01,S001,0,Snowy
2022-12-01,S002,0,Snowy
2022-12-01,S003,0,Cloudy
2022-12-01,S004,0,Cloudy
2022-12-01,S005,0,Snowy
2022-12-02,S001,0,Cloudy
2022-12-02,S002,0,Sunny
2022-12-02,S003,0,Sunny
2022-12-02,S004,0,Sunny
2022-12-02,S005,0,Cloudy
2022-12-03,S001,0,Snowy
2022-12-03,S002,0,Sunny
2022-12-03,S003,0,Snowy
2022-12-03,S004,0,Sunny
2022-12-03,S005,0,Snowy
2022-12-04,S001,0,Cloudy
2022-12-04,S002,0,Cloudy
2022-12-04,S003,0,Sunny
2022-12-04,S004,0,Snowy
2022-12-04,S005,0,Cloudy
2022-12-05,S001,0,Sunny
2022-12-05,S002,0,Sunny
2022-12-05,S003,0,Cloudy
2022-12-05,S004,0,Snowy
2022-12-05,S005,0,Sunny
2022-12-06,S001,0,Sunny
2022-12-06,S002,0,Sunny
2022-12-06,S003,0,Cloudy
2022-12-06,S004,0,Sunny
2022-12-06,S005,0,Sunny
2022-12-07,S001,0,Snowy
2022-12-07,S002,0,Cloudy
2022-12-07,S003,0,Cloudy
2022-12-07,S004,0,Sunny
2022-12-07,S005,0,Snowy
2022-12-08,S001,0,Sunny
2022-12-08,S002,0,Sunny
2022-12-08,S003,0,Cloudy
2022-12-08,S004,0,Cloudy
2022-12-08,S005,0,Sunny
2022-12-09,S001,0,Sunny
2022-12-09,S002,0,Cloudy
2022-12-09,S003,0,Snowy
2022-12-09,S004,0,Sunny
2022-12-09,S005,0,Sunny
2022-12-10,S001,0,Sunny
2022-12-10,S002,0,Snowy
2022-12-10,S003,0,Snowy
2022-12-10,S004,0,Cloudy
2022-12-10,S005,0,Sunny
2022-12-11,S001,0,Snowy
2022-12-11,S002,0,Cloudy
2022-12-11,S003,0,Cloudy
2022-12-11,S004,0,Snowy
2022-12-11,S005,0,Snowy
2022-12-12,S001,0,Snowy
2022-12-12,S002,0,Snowy
2022-12-12,S003,0,Cloudy
2022-12-12,S004,0,Cloudy
2022-12-12,S005,0,Snowy
2022-12-13,S001,0,Snowy
2022-12-13,S002,0,Cloudy
2022-12-13,S003,0,Snowy
2022-12-13,S004,0,Cloudy
2022-12-13,S005,0,Snowy
2022-12-14,S001,0,Sunny
2022-12-14,S002,0,Sunny
2022-12-14,S003,0,Sunny
2022-12-14,S004,0,Snowy
2022-12-14,S005,0,Sunny
2022-12-15,S001,0,Snowy
2022-12-15,S002,0,Cloudy
2022-12-15,S003,0,Sunny
2022-12-15,S004,0,Cloudy
2022-12-15,S005,0,Snowy
2022-12-16,S001,0,Cloudy
2022-12-16,S002,0,Snowy
2022-12-16,S003,0,Snowy
2022-12-16,S004,0,Snowy
2022-12-16,S005,0,Cloudy
2022-12-17,S001,0,Cloudy
2022-12-17,S002,0,Sunny
2022-12-17,S003,0,Snowy
2022-12-17,S004,0,Sunny
2022-12-17,S005,0,Cloudy
2022-12-18,S001,0,Sunny
2022-12-18,S002,0,Sunny
2022-12-18,S003,0,Cloudy
2022-12-18,S004,0,Snowy
2022-12-18,S005,0,Sunny
2022-12-19,S001,0,Snowy
2022-12-19,S002,0,Cloudy
2022-12-19,S003,0,Cloudy
2022-12-19,S004,0,Sunny
2022-12-19,S005,0,Snowy
2022-12-20,S001,0,Snowy
2022-12-20,S002,0,Cloudy
2022-12-20,S003,0,Snowy
2022-12-20,S004,0,Snowy
2022-12-20,S005,0,Snowy
2022-12-21,S001,0,Cloudy
2022-12-21,S002,0,Sunny
2022-12-21,S003,0,Snowy
2022-12-21,S004,0,Sunny
2022-12-21,S005,0,Cloudy
2022-12-22,S001,0,Snowy
2022-12-22,S002,0,Sunny
2022-12-22,S003,0,Cloudy
2022-12-22,S004,0,Snowy
2022-12-22,S005,0,Snowy
2022-12-23,S001,0,Snowy
2022-12-23,S002,0,Snowy
2022-12-23,S003,0,Cloudy
2022-12-23,S004,0,Sunny
2022-12-23,S005,0,Snowy
2022-12-24,S001,0,Cloudy
2022-12-24,S002,0,Sunny
2022-12-24,S003,0,Snowy
2022-12-24,S004,0,Snowy
2022-12-24,S005,0,Cloudy
2022-12-25,S001,0,Snowy
2022-12-25,S002,0,Cloudy
2022-12-25,S003,0,Sunny
2022-12-25,S004,0,Sunny
2022-12-25,S005,0,Snowy
2022-12-26,S001,0,Sunny
2022-12-26,S002,0,Cloudy
2022-12-26,S003,0,Cloudy
2022-12-26,S004,0,Cloudy
2022-12-26,S005,0,Sunny
2022-12-27,S001,0,Snowy
2022-12-27,S002,0,Snowy
2022-12-27,S003,0,Snowy
2022-12-27,S004,0,Sunny
2022-12-27,S005,0,Snowy
2022-12-28,S001,0,Sunny
2022-12-28,S002,0,Sunny
2022-12-28,S003,0,Sunny
2022-12-28,S004,0,Sunny
2022-12-28,S005,0,Sunny
2022-12-29,S001,0,Sunny
2022-12-29,S002,0,Cloudy
2022-12-29,S003,0,Cloudy
2022-12-29,S004,0,Sunny
2022-12-29,S005,0,Sunny
2022-12-30,S001,0,Sunny
2022-12-30,S002,0,Cloudy
2022-12-30,S003,0,Cloudy
2022-12-30,S004,0,Sunny
2022-12-30,S005,0,Sunny
2022-12-31,S001,0,Sunny
2022-12-31,S002,0,Snowy
2022-12-31,S003,0,Sunny
2022-12-31,S004,0,Snowy
2022-12-31,S005,0,Sunny
2023-01-01,S001,0,Cloudy
2023-01-01,S002,0,Cloudy
2023-01-01,S003,0,Sunny
2023-01-01,S004,0,Cloudy
2023-01-01,S005,0,Cloudy
2023-01-02,S001,0,Sunny
2023-01-02,S002,0,Cloudy
2023-01-02,S003,0,Cloudy
2023-01-02,S004,0,Sunny
2023-01-02,S005,0,Sunny
2023-01-03,S001,0,Cloudy
2023-01-03,S002,0,Cloudy
2023-01-03,S003,0,Snowy
2023-01-03,S004,0,Sunny
2023-01-03,S005,0,Cloudy
2023-01-04,S001,0,Cloudy
2023-01-04,S002,0,Cloudy
2023-01-04,S003,0,Cloudy
2023-01-04,S004,0,Cloudy
2023-01-04,S005,0,Cloudy
2023-01-05,S001,0,Cloudy
2023-01-05,S002,0,Snowy
2023-01-05,S003,0,Snowy
2023-01-05,S004,0,Sunny
2023-01-05,S005,0,Cloudy
2023-01-06,S001,0,Snowy
2023-01-06,S002,0,Sunny
2023-01-06,S003,0,Snowy
2023-01-06,S004,0,Cloudy
2023-01-06,S005,0,Snowy
2023-01-07,S001,0,Cloudy
2023-01-07,S002,0,Sunny
2023-01-07,S003,0,Snowy
2023-01-07,S004,0,Sunny
2023-01-07,S005,0,Cloudy
2023-01-08,S001,0,Cloudy
2023-01-08,S002,0,Cloudy
2023-01-08,S003,0,Sunny
2023-01-08,S004,0,Cloudy
2023-01-08,S005,0,Cloudy
2023-01-09,S001,0,Sunny
2023-01-09,S002,0,Snowy
2023-01-09,S003,0,Snowy
2023-01-09,S004,0,Sunny
2023-01-09,S005,0,Sunny
2023-01-10,S001,0,Sunny
2023-01-10,S002,0,Cloudy
2023-01-10,S003,0,Cloudy
2023-01-10,S004,0,Sunny
2023-01-10,S005,0,Sunny
2023-01-11,S001,0,Sunny
2023-01-11,S002,0,Cloudy
2023-01-11,S003,0,Cloudy
2023-01-11,S004,0,Snowy
2023-01-11,S005,0,Sunny
2023-01-12,S001,0,Snowy
2023-01-12,S002,0,Cloudy
2023-01-12,S003,0,Snowy
2023-01-12,S004,0,Cloudy
2023-01-12,S005,0,Snowy
2023-01-13,S001,0,Cloudy
2023-01-13,S002,0,Snowy
2023-01-13,S003,0,Snowy
2023-01-13,S004,0,Cloudy
2023-01-13,S005,0,Cloudy
2023-01-14,S001,0,Cloudy
2023-01-14,S002,0,Sunny
2023-01-14,S003,0,Sunny
2023-01-14,S004,0,Cloudy
2023-01-14,S005,0,Cloudy
2023-01-15,S001,0,Snowy
2023-01-15,S002,0,Snowy
2023-01-15,S003,0,Sunny
2023-01-15,S004,0,Snowy
2023-01-15,S005,0,Snowy
2023-01-16,S001,0,Cloudy
2023-01-16,S002,0,Sunny
2023-01-16,S003,0,Snowy
2023-01-16,S004,0,Cloudy
2023-01-16,S005,0,Cloudy
2023-01-17,S001,0,Sunny
2023-01-17,S002,0,Cloudy
2023-01-17,S003,0,Sunny
2023-01-17,S004,0,Sunny
2023-01-17,S005,0,Sunny
2023-01-18,S001,0,Cloudy
2023-01-18,S002,0,Cloudy
2023-01-18,S003,0,Snowy
2023-01-18,S004,0,Cloudy
2023-01-18,S005,0,Cloudy
2023-01-19,S001,0,Sunny
2023-01-19,S002,0,Sunny
2023-01-19,S003,0,Cloudy
2023-01-19,S004,0,Snowy
2023-01-19,S005,0,Sunny
2023-01-20,S001,0,Cloudy
2023-01-20,S002,0,Sunny
2023-01-20,S003,0,Snowy
2023-01-20,S004,0,Sunny
2023-01-20,S005,0,Cloudy
2023-01-21,S001,0,Sunny
2023-01-21,S002,0,Cloudy
2023-01-21,S003,0,Snowy
2023-01-21,S004,0,Cloudy
2023-01-21,S005,0,Sunny
2023-01-22,S001,0,Sunny
2023-01-22,S002,0,Sunny
2023-01-22,S003,0,Cloudy
2023-01-22,S004,0,Snowy
2023-01-22,S005,0,Sunny
2023-01-23,S001,0,Snowy
2023-01-23,S002,0,Cloudy
2023-01-23,S003,0,Cloudy
2023-01-23,S004,0,Sunny
2023-01-23,S005,0,Snowy
2023-01-24,S001,0,Snowy
2023-01-24,S002,0,Cloudy
2023-01-24,S003,0,Sunny
2023-01-24,S004,0,Snowy
2023-01-24,S005,0,Snowy
2023-01-25,S001,0,Sunny
2023-01-25,S002,0,Sunny
2023-01-25,S003,0,Snowy
2023-01-25,S004,0,Sunny
2023-01-25,S005,0,Sunny
2023-01-26,S001,0,Sunny
2023-01-26,S002,0,Sunny
2023-01-26,S003,0,Snowy
2023-01-26,S004,0,Cloudy
2023-01-26,S005,0,Sunny
2023-01-27,S001,0,Snowy
2023-01-27,S002,0,Cloudy
2023-01-27,S003,0,Cloudy
2023-01-27,S004,0,Snowy
2023-01-27,S005,0,Snowy
2023-01-28,S001,0,Sunny
2023-01-28,S002,0,Cloudy
2023-01-28,S003,0,Cloudy
2023-01-28,S004,0,Snowy
2023-01-28,S005,0,Sunny
2023-01-29,S001,1,Cloudy
2023-01-29,S002,1,Sunny
2023-01-29,S003,1,Sunny
2023-01-29,S004,1,Snowy
2023-01-29,S005,1,Cloudy
2023-01-30,S001,1,Sunny
2023-01-30,S002,1,Sunny
2023-01-30,S003,1,Snowy
2023-01-30,S004,1,Cloudy
2023-01-30,S005,1,Sunny
2023-01-31,S001,1,Snowy
2023-01-31,S002,1,Snowy
2023-01-31,S003,1,Cloudy
2023-01-31,S004,1,Sunny
2023-01-31,S005,1,Snowy
2023-02-01,S001,1,Snowy
2023-02-01,S002,1,Sunny
2023-02-01,S003,1,Sunny
2023-02-01,S004,1,Snowy
2023-02-01,S005,1,Snowy
2023-02-02,S001,1,Cloudy
2023-02-02,S002,1,Cloudy
2023-02-02,S003,1,Sunny
2023-02-02,S004,1,Sunny
2023-02-02,S005,1,Cloudy
2023-02-03,S001,1,Cloudy
2023-02-03,S002,1,Sunny
2023-02-03,S003,1,Snowy
2023-02-03,S004,1,Snowy
2023-02-03,S005,1,Cloudy
2023-02-04,S001,1,Cloudy
2023-02-04,S002,1,Snowy
2023-02-04,S003,1,Cloudy
2023-02-04,S004,1,Cloudy
2023-02-04,S005,1,Cloudy
2023-02-05,S001,1,Sunny
2023-02-05,S002,1,Snowy
2023-02-05,S003,1,Sunny
2023-02-05,S004,1,Snowy
2023-02-05,S005,1,Sunny
2023-02-06,S001,1,Sunny
2023-02-06,S002,1,Cloudy
2023-02-06,S003,1,Cloudy
2023-02-06,S004,1,Snowy
2023-02-06,S005,1,Sunny
2023-02-07,S001,1,Cloudy
2023-02-07,S002,1,Snowy
2023-02-07,S003,1,Snowy
2023-02-07,S004,1,Cloudy
2023-02-07,S005,1,Cloudy
2023-02-08,S001,1,Snowy
2023-02-08,S002,1,Snowy
2023-02-08,S003,1,Sunny
2023-02-08,S004,1,Sunny
2023-02-08,S005,1,Snowy
2023-02-09,S001,1,Cloudy
2023-02-09,S002,1,Cloudy
2023-02-09,S003,1,Snowy
2023-02-09,S004,1,Sunny
2023-02-09,S005,1,Cloudy
2023-02-10,S001,1,Sunny
2023-02-10,S002,1,Snowy
2023-02-10,S003,1,Sunny
2023-02-10,S004,1,Cloudy
2023-02-10,S005,1,Sunny
2023-02-11,S001,1,Sunny
2023-02-11,S002,1,Snowy
2023-02-11,S003,1,Snowy
2023-02-11,S004,1,Snowy
2023-02-11,S005,1,Sunny
2023-02-12,S001,1,Snowy
2023-02-12,S002,1,Sunny
2023-02-12,S003,1,Cloudy
2023-02-12,S004,1,Cloudy
2023-02-12,S005,1,Snowy
2023-02-13,S001,1,Sunny
2023-02-13,S002,1,Cloudy
2023-02-13,S003,1,Snowy
2023-02-13,S004,1,Snowy
2023-02-13,S005,1,Sunny
2023-02-14,S001,1,Cloudy
2023-02-14,S002,1,Sunny
2023-02-14,S003,1,Sunny
2023-02-14,S004,1,Cloudy
2023-02-14,S005,1,Cloudy
2023-02-15,S001,1,Sunny
2023-02-15,S002,1,Snowy
2023-02-15,S003,1,Cloudy
2023-02-15,S004,1,Sunny
2023-02-15,S005,1,Sunny
2023-02-16,S001,1,Cloudy
2023-02-16,S002,1,Cloudy
2023-02-16,S003,1,Cloudy
2023-02-16,S004,1,Cloudy
2023-02-16,S005,1,Cloudy
2023-02-17,S001,1,Snowy
2023-02-17,S002,1,Sunny
2023-02-17,S003,1,Snowy
2023-02-17,S004,1,Snowy
2023-02-17,S005,1,Snowy
2023-02-18,S001,1,Sunny
2023-02-18,S002,1,Sunny
2023-02-18,S003,1,Snowy
2023-02-18,S004,1,Cloudy
2023-02-18,S005,1,Sunny
2023-02-19,S001,1,Snowy
2023-02-19,S002,1,Sunny
2023-02-19,S003,1,Sunny
2023-02-19,S004,1,Sunny
2023-02-19,S005,1,Snowy
2023-02-20,S001,1,Sunny
2023-02-20,S002,1,Sunny
2023-02-20,S003,1,Cloudy
2023-02-20,S004,1,Snowy
2023-02-20,S005,1,Sunny
2023-02-21,S001,1,Sunny
2023-02-21,S002,1,Cloudy
2023-02-21,S003,1,Cloudy
2023-02-21,S004,1,Snowy
2023-02-21,S005,1,Sunny
2023-02-22,S001,1,Sunny
2023-02-22,S002,1,Cloudy
2023-02-22,S003,1,Sunny
2023-02-22,S004,1,Snowy
2023-02-22,S005,1,Sunny
2023-02-23,S001,1,Snowy
2023-02-23,S002,1,Snowy
2023-02-23,S003,1,Sunny
2023-02-23,S004,1,Cloudy
2023-02-23,S005,1,Snowy
2023-02-24,S001,1,Sunny
2023-02-24,S002,1,Sunny
2023-02-24,S003,1,Snowy
2023-02-24,S004,1,Sunny
2023-02-24,S005,1,Sunny
2023-02-25,S001,1,Cloudy
2023-02-25,S002,1,Snowy
2023-02-25,S003,1,Snowy
2023-02-25,S004,1,Snowy
2023-02-25,S005,1,Cloudy
2023-02-26,S001,1,Cloudy
2023-02-26,S002,1,Snowy
2023-02-26,S003,1,Cloudy
2023-02-26,S004,1,Sunny
2023-02-26,S005,1,Cloudy
2023-02-27,S001,1,Sunny
2023-02-27,S002,1,Sunny
2023-02-27,S003,1,Cloudy
2023-02-27,S004,1,Cloudy
2023-02-27,S005,1,Sunny
2023-02-28,S001,1,Snowy
2023-02-28,S002,1,Cloudy
2023-02-28,S003,1,Sunny
2023-02-28,S004,1,Snowy
2023-02-28,S005,1,Snowy
2023-03-01,S001,0,Rainy
2023-03-01,S002,0,Cloudy
2023-03-01,S003,0,Rainy
2023-03-01,S004,0,Cloudy
2023-03-01,S005,0,Rainy
2023-03-02,S001,0,Sunny
2023-03-02,S002,0,Sunny
2023-03-02,S003,0,Sunny
2023-03-02,S004,0,Rainy
2023-03-02,S005,0,Sunny
2023-03-03,S001,0,Sunny
2023-03-03,S002,0,Rainy
2023-03-03,S003,0,Cloudy
2023-03-03,S004,0,Cloudy
2023-03-03,S005,0,Sunny
2023-03-04,S001,0,Cloudy
2023-03-04,S002,0,Rainy
2023-03-04,S003,0,Cloudy
2023-03-04,S004,0,Cloudy
2023-03-04,S005,0,Cloudy
2023-03-05,S001,0,Sunny
2023-03-05,S002,0,Sunny
2023-03-05,S003,0,Rainy
2023-03-05,S004,0,Sunny
2023-03-05,S005,0,Sunny
2023-03-06,S001,0,Cloudy
2023-03-06,S002,0,Rainy
2023-03-06,S003,0,Cloudy
2023-03-06,S004,0,Rainy
2023-03-06,S005,0,Cloudy
2023-03-07,S001,0,Sunny
2023-03-07,S002,0,Cloudy
2023-03-07,S003,0,Sunny
2023-03-07,S004,0,Cloudy
2023-03-07,S005,0,Sunny
2023-03-08,S001,0,Cloudy
2023-03-08,S002,0,Rainy
2023-03-08,S003,0,Cloudy
2023-03-08,S004,0,Sunny
2023-03-08,S005,0,Cloudy
2023-03-09,S001,0,Sunny
2023-03-09,S002,0,Sunny
2023-03-09,S003,0,Sunny
2023-03-09,S004,0,Cloudy
2023-03-09,S005,0,Sunny
2023-03-10,S001,0,Cloudy
2023-03-10,S002,0,Rainy
2023-03-10,S003,0,Rainy
2023-03-10,S004,0,Sunny
2023-03-10,S005,0,Cloudy
2023-03-11,S001,0,Rainy
2023-03-11,S002,0,Rainy
2023-03-11,S003,0,Sunny
2023-03-11,S004,0,Cloudy
2023-03-11,S005,0,Rainy
2023-03-12,S001,0,Rainy
2023-03-12,S002,0,Rainy
2023-03-12,S003,0,Sunny
2023-03-12,S004,0,Sunny
2023-03-12,S005,0,Rainy
2023-03-13,S001,0,Rainy
2023-03-13,S002,0,Cloudy
2023-03-13,S003,0,Sunny
2023-03-13,S004,0,Cloudy
2023-03-13,S005,0,Rainy
2023-03-14,S001,0,Rainy
2023-03-14,S002,0,Cloudy
2023-03-14,S003,0,Sunny
2023-03-14,S004,0,Sunny
2023-03-14,S005,0,Rainy
2023-03-15,S001,0,Cloudy
2023-03-15,S002,0,Sunny
2023-03-15,S003,0,Sunny
2023-03-15,S004,0,Cloudy
2023-03-15,S005,0,Cloudy
2023-03-16,S001,0,Cloudy
2023-03-16,S002,0,Cloudy
2023-03-16,S003,0,Cloudy
2023-03-16,S004,0,Sunny
2023-03-16,S005,0,Cloudy
2023-03-17,S001,0,Rainy
2023-03-17,S002,0,Cloudy
2023-03-17,S003,0,Rainy
2023-03-17,S004,0,Sunny
2023-03-17,S005,0,Rainy
2023-03-18,S001,0,Cloudy
2023-03-18,S002,0,Rainy
2023-03-18,S003,0,Sunny
2023-03-18,S004,0,Rainy
2023-03-18,S005,0,Cloudy
2023-03-19,S001,0,Rainy
2023-03-19,S002,0,Sunny
2023-03-19,S003,0,Rainy
2023-03-19,S004,0,Sunny
2023-03-19,S005,0,Rainy
2023-03-20,S001,0,Rainy
2023-03-20,S002,0,Rainy
2023-03-20,S003,0,Sunny
2023-03-20,S004,0,Cloudy
2023-03-20,S005,0,Rainy
2023-03-21,S001,0,Cloudy
2023-03-21,S002,0,Rainy
2023-03-21,S003,0,Cloudy
2023-03-21,S004,0,Cloudy
2023-03-21,S005,0,Cloudy
2023-03-22,S001,0,Sunny
2023-03-22,S002,0,Rainy
2023-03-22,S003,0,Rainy
2023-03-22,S004,0,Cloudy
2023-03-22,S005,0,Sunny
2023-03-23,S001,0,Cloudy
2023-03-23,S002,0,Cloudy
2023-03-23,S003,0,Cloudy
2023-03-23,S004,0,Rainy
2023-03-23,S005,0,Cloudy
2023-03-24,S001,0,Sunny
2023-03-24,S002,0,Cloudy
2023-03-24,S003,0,Cloudy
2023-03-24,S004,0,Sunny
2023-03-24,S005,0,Sunny
2023-03-25,S001,0,Sunny
2023-03-25,S002,0,Sunny
2023-03-25,S003,0,Sunny
2023-03-25,S004,0,Sunny
2023-03-25,S005,0,Sunny
2023-03-26,S001,0,Rainy
2023-03-26,S002,0,Rainy
2023-03-26,S003,0,Rainy
2023-03-26,S004,0,Sunny
2023-03-26,S005,0,Rainy
2023-03-27,S001,0,Rainy
2023-03-27,S002,0,Cloudy
2023-03-27,S003,0,Cloudy
2023-03-27,S004,0,Cloudy
2023-03-27,S005,0,Rainy
2023-03-28,S001,0,Cloudy
2023-03-28,S002,0,Rainy
2023-03-28,S003,0,Cloudy
2023-03-28,S004,0,Cloudy
2023-03-28,S005,0,Cloudy
2023-03-29,S001,0,Cloudy
2023-03-29,S002,0,Cloudy
2023-03-29,S003,0,Cloudy
2023-03-29,S004,0,Rainy
2023-03-29,S005,0,Cloudy
2023-03-30,S001,0,Cloudy
2023-03-30,S002,0,Cloudy
2023-03-30,S003,0,Rainy
2023-03-30,S004,0,Sunny
2023-03-30,S005,0,Cloudy
2023-03-31,S001,0,Cloudy
2023-03-31,S002,0,Rainy
2023-03-31,S003,0,Sunny
2023-03-31,S004,0,Cloudy
2023-03-31,S005,0,Cloudy
2023-04-01,S001,0,Rainy
2023-04-01,S002,0,Sunny
2023-04-01,S003,0,Cloudy
2023-04-01,S004,0,Cloudy
2023-04-01,S005,0,Rainy
2023-04-02,S001,0,Cloudy
2023-04-02,S002,0,Rainy
2023-04-02,S003,0,Cloudy
2023-04-02,S004,0,Sunny
2023-04-02,S005,0,Cloudy
2023-04-03,S001,0,Rainy
2023-04-03,S002,0,Cloudy
2023-04-03,S003,0,Sunny
2023-04-03,S004,0,Rainy
2023-04-03,S005,0,Rainy
2023-04-04,S001,0,Cloudy
2023-04-04,S002,0,Rainy
2023-04-04,S003,0,Sunny
2023-04-04,S004,0,Rainy
2023-04-04,S005,0,Cloudy
2023-04-05,S001,0,Cloudy
2023-04-05,S002,0,Cloudy
2023-04-05,S003,0,Cloudy
2023-04-05,S004,0,Cloudy
2023-04-05,S005,0,Cloudy
2023-04-06,S001,0,Cloudy
2023-04-06,S002,0,Cloudy
2023-04-06,S003,0,Rainy
2023-04-06,S004,0,Rainy
2023-04-06,S005,0,Cloudy
2023-04-07,S001,0,Cloudy
2023-04-07,S002,0,Cloudy
2023-04-07,S003,0,Cloudy
2023-04-07,S004,0,Cloudy
2023-04-07,S005,0,Cloudy
2023-04-08,S001,0,Rainy
2023-04-08,S002,0,Sunny
2023-04-08,S003,0,Sunny
2023-04-08,S004,0,Cloudy
2023-04-08,S005,0,Rainy
2023-04-09,S001,0,Cloudy
2023-04-09,S002,0,Sunny
2023-04-09,S003,0,Rainy
2023-04-09,S004,0,Sunny
2023-04-09,S005,0,Cloudy
2023-04-10,S001,0,Cloudy
2023-04-10,S002,0,Sunny
2023-04-10,S003,0,Sunny
2023-04-10,S004,0,Cloudy
2023-04-10,S005,0,Cloudy
2023-04-11,S001,0,Rainy
2023-04-11,S002,0,Rainy
2023-04-11,S003,0,Rainy
2023-04-11,S004,0,Cloudy
2023-04-11,S005,0,Rainy
2023-04-12,S001,1,Rainy
2023-04-12,S002,1,Cloudy
2023-04-12,S003,1,Rainy
2023-04-12,S004,1,Sunny
2023-04-12,S005,1,Rainy
2023-04-13,S001,1,Cloudy
2023-04-13,S002,1,Sunny
2023-04-13,S003,1,Cloudy
2023-04-13,S004,1,Sunny
2023-04-13,S005,1,Cloudy
2023-04-14,S001,1,Rainy
2023-04-14,S002,1,Sunny
2023-04-14,S003,1,Cloudy
2023-04-14,S004,1,Rainy
2023-04-14,S005,1,Rainy
2023-04-15,S001,1,Rainy
2023-04-15,S002,1,Rainy
2023-04-15,S003,1,Rainy
2023-04-15,S004,1,Rainy
2023-04-15,S005,1,Rainy
2023-04-16,S001,1,Sunny
2023-04-16,S002,1,Sunny
2023-04-16,S003,1,Sunny
2023-04-16,S004,1,Rainy
2023-04-16,S005,1,Sunny
2023-04-17,S001,1,Sunny
2023-04-17,S002,1,Rainy
2023-04-17,S003,1,Rainy
2023-04-17,S004,1,Cloudy
2023-04-17,S005,1,Sunny
2023-04-18,S001,1,Rainy
2023-04-18,S002,1,Sunny
2023-04-18,S003,1,Sunny
2023-04-18,S004,1,Rainy
2023-04-18,S005,1,Rainy
2023-04-19,S001,1,Rainy
2023-04-19,S002,1,Cloudy
2023-04-19,S003,1,Sunny
2023-04-19,S004,1,Rainy
2023-04-19,S005,1,Rainy
2023-04-20,S001,1,Sunny
2023-04-20,S002,1,Sunny
2023-04-20,S003,1,Cloudy
2023-04-20,S004,1,Cloudy
2023-04-20,S005,1,Sunny
2023-04-21,S001,1,Rainy
2023-04-21,S002,1,Cloudy
2023-04-21,S003,1,Rainy
2023-04-21,S004,1,Sunny
2023-04-21,S005,1,Rainy
2023-04-22,S001,1,Cloudy
2023-04-22,S002,1,Sunny
2023-04-22,S003,1,Sunny
2023-04-22,S004,1,Cloudy
2023-04-22,S005,1,Cloudy
2023-04-23,S001,1,Sunny
2023-04-23,S002,1,Cloudy
2023-04-23,S003,1,Cloudy
2023-04-23,S004,1,Cloudy
2023-04-23,S005,1,Sunny
2023-04-24,S001,1,Rainy
2023-04-24,S002,1,Rainy
2023-04-24,S003,1,Rainy
2023-04-24,S004,1,Sunny
2023-04-24,S005,1,Rainy
2023-04-25,S001,1,Cloudy
2023-04-25,S002,1,Rainy
2023-04-25,S003,1,Rainy
2023-04-25,S004,1,Sunny
2023-04-25,S005,1,Cloudy
2023-04-26,S001,1,Cloudy
2023-04-26,S002,1,Sunny
2023-04-26,S003,1,Rainy
2023-04-26,S004,1,Rainy
2023-04-26,S005,1,Cloudy
2023-04-27,S001,1,Cloudy
2023-04-27,S002,1,Sunny
2023-04-27,S003,1,Rainy
2023-04-27,S004,1,Cloudy
2023-04-27,S005,1,Cloudy
2023-04-28,S001,1,Rainy
2023-04-28,S002,1,Rainy
2023-04-28,S003,1,Cloudy
2023-04-28,S004,1,Cloudy
2023-04-28,S005,1,Rainy
2023-04-29,S001,1,Cloudy
2023-04-29,S002,1,Cloudy
2023-04-29,S003,1,Cloudy
2023-04-29,S004,1,Rainy
2023-04-29,S005,1,Cloudy
2023-04-30,S001,1,Sunny
2023-04-30,S002,1,Cloudy
2023-04-30,S003,1,Cloudy
2023-04-30,S004,1,Rainy
2023-04-30,S005,1,Sunny
2023-05-01,S001,1,Rainy
2023-05-01,S002,1,Sunny
2023-05-01,S003,1,Sunny
2023-05-01,S004,1,Sunny
2023-05-01,S005,1,Rainy
2023-05-02,S001,1,Sunny
2023-05-02,S002,1,Sunny
2023-05-02,S003,1,Cloudy
2023-05-02,S004,1,Sunny
2023-05-02,S005,1,Sunny
2023-05-03,S001,1,Rainy
2023-05-03,S002,1,Rainy
2023-05-03,S003,1,Sunny
2023-05-03,S004,1,Rainy
2023-05-03,S005,1,Rainy
2023-05-04,S001,1,Sunny
2023-05-04,S002,1,Cloudy
2023-05-04,S003,1,Rainy
2023-05-04,S004,1,Cloudy
2023-05-04,S005,1,Sunny
2023-05-05,S001,1,Cloudy
2023-05-05,S002,1,Cloudy
2023-05-05,S003,1,Cloudy
2023-05-05,S004,1,Rainy
2023-05-05,S005,1,Cloudy
2023-05-06,S001,1,Cloudy
2023-05-06,S002,1,Sunny
2023-05-06,S003,1,Cloudy
2023-05-06,S004,1,Sunny
2023-05-06,S005,1,Cloudy
2023-05-07,S001,1,Sunny
2023-05-07,S002,1,Rainy
2023-05-07,S003,1,Rainy
2023-05-07,S004,1,Rainy
2023-05-07,S005,1,Sunny
2023-05-08,S001,1,Cloudy
2023-05-08,S002,1,Cloudy
2023-05-08,S003,1,Sunny
2023-05-08,S004,1,Sunny
2023-05-08,S005,1,Cloudy
2023-05-09,S001,1,Cloudy
2023-05-09,S002,1,Sunny
2023-05-09,S003,1,Rainy
2023-05-09,S004,1,Rainy
2023-05-09,S005,1,Cloudy
2023-05-10,S001,1,Sunny
2023-05-10,S002,1,Rainy
2023-05-10,S003,1,Cloudy
2023-05-10,S004,1,Cloudy
2023-05-10,S005,1,Sunny
2023-05-11,S001,1,Rainy
2023-05-11,S002,1,Cloudy
2023-05-11,S003,1,Sunny
2023-05-11,S004,1,Rainy
2023-05-11,S005,1,Rainy
2023-05-12,S001,1,Cloudy
2023-05-12,S002,1,Rainy
2023-05-12,S003,1,Sunny
2023-05-12,S004,1,Rainy
2023-05-12,S005,1,Cloudy
2023-05-13,S001,0,Cloudy
2023-05-13,S002,0,Sunny
2023-05-13,S003,0,Cloudy
2023-05-13,S004,0,Rainy
2023-05-13,S005,0,Cloudy
2023-05-14,S001,0,Rainy
2023-05-14,S002,0,Sunny
2023-05-14,S003,0,Cloudy
2023-05-14,S004,0,Cloudy
2023-05-14,S005,0,Rainy
2023-05-15,S001,0,Sunny
2023-05-15,S002,0,Sunny
2023-05-15,S003,0,Sunny
2023-05-15,S004,0,Cloudy
2023-05-15,S005,0,Sunny
2023-05-16,S001,0,Sunny
2023-05-16,S002,0,Sunny
2023-05-16,S003,0,Cloudy
2023-05-16,S004,0,Rainy
2023-05-16,S005,0,Sunny
2023-05-17,S001,0,Cloudy
2023-05-17,S002,0,Sunny
2023-05-17,S003,0,Sunny
2023-05-17,S004,0,Sunny
2023-05-17,S005,0,Cloudy
2023-05-18,S001,0,Sunny
2023-05-18,S002,0,Cloudy
2023-05-18,S003,0,Rainy
2023-05-18,S004,0,Cloudy
2023-05-18,S005,0,Sunny
2023-05-19,S001,0,Rainy
2023-05-19,S002,0,Rainy
2023-05-19,S003,0,Cloudy
2023-05-19,S004,0,Cloudy
2023-05-19,S005,0,Rainy
2023-05-20,S001,0,Cloudy
2023-05-20,S002,0,Cloudy
2023-05-20,S003,0,Rainy
2023-05-20,S004,0,Cloudy
2023-05-20,S005,0,Cloudy
2023-05-21,S001,0,Cloudy
2023-05-21,S002,0,Sunny
2023-05-21,S003,0,Sunny
2023-05-21,S004,0,Cloudy
2023-05-21,S005,0,Cloudy
2023-05-22,S001,0,Cloudy
2023-05-22,S002,0,Rainy
2023-05-22,S003,0,Sunny
2023-05-22,S004,0,Rainy
2023-05-22,S005,0,Cloudy
2023-05-23,S001,0,Sunny
2023-05-23,S002,0,Rainy
2023-05-23,S003,0,Rainy
2023-05-23,S004,0,Rainy
2023-05-23,S005,0,Sunny
2023-05-24,S001,0,Sunny
2023-05-24,S002,0,Cloudy
2023-05-24,S003,0,Rainy
2023-05-24,S004,0,Cloudy
2023-05-24,S005,0,Sunny
2023-05-25,S001,0,Rainy
2023-05-25,S002,0,Sunny
2023-05-25,S003,0,Sunny
2023-05-25,S004,0,Rainy
2023-05-25,S005,0,Rainy
2023-05-26,S001,0,Sunny
2023-05-26,S002,0,Sunny
2023-05-26,S003,0,Cloudy
2023-05-26,S004,0,Cloudy
2023-05-26,S005,0,Sunny
2023-05-27,S001,0,Rainy
2023-05-27,S002,0,Rainy
2023-05-27,S003,0,Rainy
2023-05-27,S004,0,Sunny
2023-05-27,S005,0,Rainy
2023-05-28,S001,0,Cloudy
2023-05-28,S002,0,Rainy
2023-05-28,S003,0,Rainy
2023-05-28,S004,0,Cloudy
2023-05-28,S005,0,Cloudy
2023-05-29,S001,0,Cloudy
2023-05-29,S002,0,Sunny
2023-05-29,S003,0,Sunny
2023-05-29,S004,0,Sunny
2023-05-29,S005,0,Cloudy
2023-05-30,S001,0,Cloudy
2023-05-30,S002,0,Sunny
2023-05-30,S003,0,Rainy
2023-05-30,S004,0,Sunny
2023-05-30,S005,0,Cloudy
2023-05-31,S001,0,Rainy
2023-05-31,S002,0,Sunny
2023-05-31,S003,0,Rainy
2023-05-31,S004,0,Cloudy
2023-05-31,S005,0,Rainy
2023-06-01,S001,0,Rainy
2023-06-01,S002,0,Rainy
2023-06-01,S003,0,Cloudy
2023-06-01,S004,0,Sunny
2023-06-01,S005,0,Rainy
2023-06-02,S001,0,Rainy
2023-06-02,S002,0,Sunny
2023-06-02,S003,0,Sunny
2023-06-02,S004,0,Sunny
2023-06-02,S005,0,Rainy
2023-06-03,S001,0,Rainy
2023-06-03,S002,0,Sunny
2023-06-03,S003,0,Cloudy
2023-06-03,S004,0,Rainy
2023-06-03,S005,0,Rainy
2023-06-04,S001,0,Sunny
2023-06-04,S002,0,Sunny
2023-06-04,S003,0,Rainy
2023-06-04,S004,0,Rainy
2023-06-04,S005,0,Sunny
2023-06-05,S001,0,Cloudy
2023-06-05,S002,0,Rainy
2023-06-05,S003,0,Sunny
2023-06-05,S004,0,Cloudy
2023-06-05,S005,0,Cloudy
2023-06-06,S001,0,Sunny
2023-06-06,S002,0,Rainy
2023-06-06,S003,0,Cloudy
2023-06-06,S004,0,Rainy
2023-06-06,S005,0,Sunny
2023-06-07,S001,0,Cloudy
2023-06-07,S002,0,Rainy
2023-06-07,S003,0,Sunny
2023-06-07,S004,0,Sunny
2023-06-07,S005,0,Cloudy
2023-06-08,S001,0,Cloudy
2023-06-08,S002,0,Cloudy
2023-06-08,S003,0,Rainy
2023-06-08,S004,0,Sunny
2023-06-08,S005,0,Cloudy
2023-06-09,S001,0,Sunny
2023-06-09,S002,0,Sunny
2023-06-09,S003,0,Rainy
2023-06-09,S004,0,Cloudy
2023-06-09,S005,0,Sunny
2023-06-10,S001,0,Rainy
2023-06-10,S002,0,Sunny
2023-06-10,S003,0,Rainy
2023-06-10,S004,0,Cloudy
2023-06-10,S005,0,Rainy
2023-06-11,S001,0,Sunny
2023-06-11,S002,0,Cloudy
2023-06-11,S003,0,Cloudy
2023-06-11,S004,0,Sunny
2023-06-11,S005,0,Sunny
2023-06-12,S001,0,Cloudy
2023-06-12,S002,0,Sunny
2023-06-12,S003,0,Rainy
2023-06-12,S004,0,Rainy
2023-06-12,S005,0,Cloudy
2023-06-13,S001,0,Sunny
2023-06-13,S002,0,Cloudy
2023-06-13,S003,0,Cloudy
2023-06-13,S004,0,Rainy
2023-06-13,S005,0,Sunny
2023-06-14,S001,0,Sunny
2023-06-14,S002,0,Rainy
2023-06-14,S003,0,Rainy
2023-06-14,S004,0,Sunny
2023-06-14,S005,0,Sunny
2023-06-15,S001,0,Cloudy
2023-06-15,S002,0,Sunny
2023-06-15,S003,0,Cloudy
2023-06-15,S004,0,Cloudy
2023-06-15,S005,0,Cloudy
2023-06-16,S001,0,Cloudy
2023-06-16,S002,0,Sunny
2023-06-16,S003,0,Sunny
2023-06-16,S004,0,Rainy
2023-06-16,S005,0,Cloudy
2023-06-17,S001,0,Rainy
2023-06-17,S002,0,Sunny
2023-06-17,S003,0,Rainy
2023-06-17,S004,0,Cloudy
2023-06-17,S005,0,Rainy
2023-06-18,S001,0,Cloudy
2023-06-18,S002,0,Rainy
2023-06-18,S003,0,Rainy
2023-06-18,S004,0,Rainy
2023-06-18,S005,0,Cloudy
2023-06-19,S001,0,Sunny
2023-06-19,S002,0,Sunny
2023-06-19,S003,0,Sunny
2023-06-19,S004,0,Cloudy
2023-06-19,S005,0,Sunny
2023-06-20,S001,0,Sunny
2023-06-20,S002,0,Sunny
2023-06-20,S003,0,Sunny
2023-06-20,S004,0,Cloudy
2023-06-20,S005,0,Sunny
2023-06-21,S001,0,Rainy
2023-06-21,S002,0,Cloudy
2023-06-21,S003,0,Rainy
2023-06-21,S004,0,Cloudy
2023-06-21,S005,0,Rainy
2023-06-22,S001,0,Cloudy
2023-06-22,S002,0,Sunny
2023-06-22,S003,0,Sunny
2023-06-22,S004,0,Cloudy
2023-06-22,S005,0,Cloudy
2023-06-23,S001,0,Rainy
2023-06-23,S002,0,Rainy
2023-06-23,S003,0,Cloudy
2023-06-23,S004,0,Cloudy
2023-06-23,S005,0,Rainy
2023-06-24,S001,0,Rainy
2023-06-24,S002,0,Cloudy
2023-06-24,S003,0,Cloudy
2023-06-24,S004,0,Rainy
2023-06-24,S005,0,Rainy
2023-06-25,S001,0,Rainy
2023-06-25,S002,0,Sunny
2023-06-25,S003,0,Rainy
2023-06-25,S004,0,Cloudy
2023-06-25,S005,0,Rainy
2023-06-26,S001,0,Sunny
2023-06-26,S002,0,Rainy
2023-06-26,S003,0,Rainy
2023-06-26,S004,0,Rainy
2023-06-26,S005,0,Sunny
2023-06-27,S001,0,Rainy
2023-06-27,S002,0,Cloudy
2023-06-27,S003,0,Sunny
2023-06-27,S004,0,Sunny
2023-06-27,S005,0,Rainy
2023-06-28,S001,0,Sunny
2023-06-28,S002,0,Rainy
2023-06-28,S003,0,Rainy
2023-06-28,S004,0,Cloudy
2023-06-28,S005,0,Sunny
2023-06-29,S001,0,Sunny
2023-06-29,S002,0,Sunny
2023-06-29,S003,0,Sunny
2023-06-29,S004,0,Cloudy
2023-06-29,S005,0,Sunny
2023-06-30,S001,0,Rainy
2023-06-30,S002,0,Sunny
2023-06-30,S003,0,Cloudy
2023-06-30,S004,0,Rainy
2023-06-30,S005,0,Rainy
2023-07-01,S001,0,Rainy
2023-07-01,S002,0,Rainy
2023-07-01,S003,0,Cloudy
2023-07-01,S004,0,Rainy
2023-07-01,S005,0,Rainy
2023-07-02,S001,0,Sunny
2023-07-02,S002,0,Cloudy
2023-07-02,S003,0,Cloudy
2023-07-02,S004,0,Sunny
2023-07-02,S005,0,Sunny
2023-07-03,S001,0,Sunny
2023-07-03,S002,0,Sunny
2023-07-03,S003,0,Cloudy
2023-07-03,S004,0,Sunny
2023-07-03,S005,0,Sunny
2023-07-04,S001,0,Cloudy
2023-07-04,S002,0,Cloudy
2023-07-04,S003,0,Cloudy
2023-07-04,S004,0,Cloudy
2023-07-04,S005,0,Cloudy
2023-07-05,S001,0,Cloudy
2023-07-05,S002,0,Cloudy
2023-07-05,S003,0,Cloudy
2023-07-05,S004,0,Rainy
2023-07-05,S005,0,Cloudy
2023-07-06,S001,0,Rainy
2023-07-06,S002,0,Rainy
2023-07-06,S003,0,Rainy
2023-07-06,S004,0,Rainy
2023-07-06,S005,0,Rainy
2023-07-07,S001,0,Cloudy
2023-07-07,S002,0,Rainy
2023-07-07,S003,0,Cloudy
2023-07-07,S004,0,Rainy
2023-07-07,S005,0,Cloudy
2023-07-08,S001,0,Sunny
2023-07-08,S002,0,Cloudy
2023-07-08,S003,0,Sunny
2023-07-08,S004,0,Sunny
2023-07-08,S005,0,Sunny
2023-07-09,S001,0,Sunny
2023-07-09,S002,0,Cloudy
2023-07-09,S003,0,Rainy
2023-07-09,S004,0,Cloudy
2023-07-09,S005,0,Sunny
2023-07-10,S001,0,Cloudy
2023-07-10,S002,0,Rainy
2023-07-10,S003,0,Sunny
2023-07-10,S004,0,Cloudy
2023-07-10,S005,0,Cloudy
2023-07-11,S001,0,Rainy
2023-07-11,S002,0,Cloudy
2023-07-11,S003,0,Sunny
2023-07-11,S004,0,Rainy
2023-07-11,S005,0,Rainy
2023-07-12,S001,0,Sunny
2023-07-12,S002,0,Cloudy
2023-07-12,S003,0,Rainy
2023-07-12,S004,0,Cloudy
2023-07-12,S005,0,Sunny
2023-07-13,S001,0,Rainy
2023-07-13,S002,0,Cloudy
2023-07-13,S003,0,Sunny
2023-07-13,S004,0,Cloudy
2023-07-13,S005,0,Rainy
2023-07-14,S001,0,Cloudy
2023-07-14,S002,0,Rainy
2023-07-14,S003,0,Rainy
2023-07-14,S004,0,Cloudy
2023-07-14,S005,0,Cloudy
2023-07-15,S001,0,Rainy
2023-07-15,S002,0,Rainy
2023-07-15,S003,0,Rainy
2023-07-15,S004,0,Sunny
2023-07-15,S005,0,Rainy
2023-07-16,S001,0,Rainy
2023-07-16,S002,0,Cloudy
2023-07-16,S003,0,Rainy
2023-07-16,S004,0,Sunny
2023-07-16,S005,0,Rainy
2023-07-17,S001,0,Cloudy
2023-07-17,S002,0,Sunny
2023-07-17,S003,0,Rainy
2023-07-17,S004,0,Sunny
2023-07-17,S005,0,Cloudy
2023-07-18,S001,0,Rainy
2023-07-18,S002,0,Sunny
2023-07-18,S003,0,Cloudy
2023-07-18,S004,0,Rainy
2023-07-18,S005,0,Rainy
2023-07-19,S001,0,Rainy
2023-07-19,S002,0,Rainy
2023-07-19,S003,0,Sunny
2023-07-19,S004,0,Cloudy
2023-07-19,S005,0,Rainy
2023-07-20,S001,0,Rainy
2023-07-20,S002,0,Rainy
2023-07-20,S003,0,Cloudy
2023-07-20,S004,0,Rainy
2023-07-20,S005,0,Rainy
2023-07-21,S001,0,Sunny
2023-07-21,S002,0,Rainy
2023-07-21,S003,0,Rainy
2023-07-21,S004,0,Rainy
2023-07-21,S005,0,Sunny
2023-07-22,S001,0,Cloudy
2023-07-22,S002,0,Rainy
2023-07-22,S003,0,Sunny
2023-07-22,S004,0,Rainy
2023-07-22,S005,0,Cloudy
2023-07-23,S001,0,Cloudy
2023-07-23,S002,0,Cloudy
2023-07-23,S003,0,Sunny
2023-07-23,S004,0,Rainy
2023-07-23,S005,0,Cloudy
2023-07-24,S001,0,Rainy
2023-07-24,S002,0,Rainy
2023-07-24,S003,0,Rainy
2023-07-24,S004,0,Sunny
2023-07-24,S005,0,Rainy
2023-07-25,S001,0,Rainy
2023-07-25,S002,0,Rainy
2023-07-25,S003,0,Sunny
2023-07-25,S004,0,Sunny
2023-07-25,S005,0,Rainy
2023-07-26,S001,0,Sunny
2023-07-26,S002,0,Cloudy
2023-07-26,S003,0,Cloudy
2023-07-26,S004,0,Cloudy
2023-07-26,S005,0,Sunny
2023-07-27,S001,0,Cloudy
2023-07-27,S002,0,Cloudy
2023-07-27,S003,0,Rainy
2023-07-27,S004,0,Cloudy
2023-07-27,S005,0,Cloudy
2023-07-28,S001,0,Sunny
2023-07-28,S002,0,Rainy
2023-07-28,S003,0,Cloudy
2023-07-28,S004,0,Cloudy
2023-07-28,S005,0,Sunny
2023-07-29,S001,0,Cloudy
2023-07-29,S002,0,Sunny
2023-07-29,S003,0,Rainy
2023-07-29,S004,0,Cloudy
2023-07-29,S005,0,Cloudy
2023-07-30,S001,0,Sunny
2023-07-30,S002,0,Rainy
2023-07-30,S003,0,Cloudy
2023-07-30,S004,0,Sunny
2023-07-30,S005,0,Sunny
2023-07-31,S001,0,Rainy
2023-07-31,S002,0,Rainy
2023-07-31,S003,0,Sunny
2023-07-31,S004,0,Rainy
2023-07-31,S005,0,Rainy
2023-08-01,S001,0,Sunny
2023-08-01,S002,0,Cloudy
2023-08-01,S003,0,Cloudy
2023-08-01,S004,0,Rainy
2023-08-01,S005,0,Sunny
2023-08-02,S001,0,Cloudy
2023-08-02,S002,0,Cloudy
2023-08-02,S003,0,Cloudy
2023-08-02,S004,0,Sunny
2023-08-02,S005,0,Cloudy
2023-08-03,S001,0,Rainy
2023-08-03,S002,0,Sunny
2023-08-03,S003,0,Rainy
2023-08-03,S004,0,Cloudy
2023-08-03,S005,0,Rainy
2023-08-04,S001,0,Sunny
2023-08-04,S002,0,Cloudy
2023-08-04,S003,0,Rainy
2023-08-04,S004,0,Cloudy
2023-08-04,S005,0,Sunny
2023-08-05,S001,0,Cloudy
2023-08-05,S002,0,Rainy
2023-08-05,S003,0,Cloudy
2023-08-05,S004,0,Sunny
2023-08-05,S005,0,Cloudy
2023-08-06,S001,0,Cloudy
2023-08-06,S002,0,Cloudy
2023-08-06,S003,0,Cloudy
2023-08-06,S004,0,Rainy
2023-08-06,S005,0,Cloudy
2023-08-07,S001,0,Cloudy
2023-08-07,S002,0,Cloudy
2023-08-07,S003,0,Sunny
2023-08-07,S004,0,Cloudy
2023-08-07,S005,0,Cloudy
2023-08-08,S001,0,Cloudy
2023-08-08,S002,0,Cloudy
2023-08-08,S003,0,Cloudy
2023-08-08,S004,0,Sunny
2023-08-08,S005,0,Cloudy
2023-08-09,S001,0,Cloudy
2023-08-09,S002,0,Sunny
2023-08-09,S003,0,Rainy
2023-08-09,S004,0,Sunny
2023-08-09,S005,0,Cloudy
2023-08-10,S001,0,Cloudy
2023-08-10,S002,0,Cloudy
2023-08-10,S003,0,Sunny
2023-08-10,S004,0,Sunny
2023-08-10,S005,0,Cloudy
2023-08-11,S001,0,Cloudy
2023-08-11,S002,0,Sunny
2023-08-11,S003,0,Rainy
2023-08-11,S004,0,Sunny
2023-08-11,S005,0,Cloudy
2023-08-12,S001,0,Rainy
2023-08-12,S002,0,Rainy
2023-08-12,S003,0,Sunny
2023-08-12,S004,0,Sunny
2023-08-12,S005,0,Rainy
2023-08-13,S001,0,Rainy
2023-08-13,S002,0,Cloudy
2023-08-13,S003,0,Sunny
2023-08-13,S004,0,Sunny
2023-08-13,S005,0,Rainy
2023-08-14,S001,0,Sunny
2023-08-14,S002,0,Rainy
2023-08-14,S003,0,Rainy
2023-08-14,S004,0,Rainy
2023-08-14,S005,0,Sunny
2023-08-15,S001,0,Sunny
2023-08-15,S002,0,Sunny
2023-08-15,S003,0,Sunny
2023-08-15,S004,0,Sunny
2023-08-15,S005,0,Sunny
2023-08-16,S001,0,Cloudy
2023-08-16,S002,0,Rainy
2023-08-16,S003,0,Sunny
2023-08-16,S004,0,Rainy
2023-08-16,S005,0,Cloudy
2023-08-17,S001,0,Cloudy
2023-08-17,S002,0,Cloudy
2023-08-17,S003,0,Rainy
2023-08-17,S004,0,Sunny
2023-08-17,S005,0,Cloudy
2023-08-18,S001,0,Cloudy
2023-08-18,S002,0,Cloudy
2023-08-18,S003,0,Rainy
2023-08-18,S004,0,Sunny
2023-08-18,S005,0,Cloudy
2023-08-19,S001,0,Cloudy
2023-08-19,S002,0,Sunny
2023-08-19,S003,0,Rainy
2023-08-19,S004,0,Cloudy
2023-08-19,S005,0,Cloudy
2023-08-20,S001,0,Cloudy
2023-08-20,S002,0,Cloudy
2023-08-20,S003,0,Rainy
2023-08-20,S004,0,Rainy
2023-08-20,S005,0,Cloudy
2023-08-21,S001,0,Rainy
2023-08-21,S002,0,Sunny
2023-08-21,S003,0,Cloudy
2023-08-21,S004,0,Cloudy
2023-08-21,S005,0,Rainy
2023-08-22,S001,0,Cloudy
2023-08-22,S002,0,Rainy
2023-08-22,S003,0,Cloudy
2023-08-22,S004,0,Sunny
2023-08-22,S005,0,Cloudy
2023-08-23,S001,0,Rainy
2023-08-23,S002,0,Rainy
2023-08-23,S003,0,Sunny
2023-08-23,S004,0,Cloudy
2023-08-23,S005,0,Rainy
2023-08-24,S001,0,Cloudy
2023-08-24,S002,0,Cloudy
2023-08-24,S003,0,Sunny
2023-08-24,S004,0,Cloudy
2023-08-24,S005,0,Cloudy
2023-08-25,S001,0,Rainy
2023-08-25,S002,0,Cloudy
2023-08-25,S003,0,Rainy
2023-08-25,S004,0,Sunny
2023-08-25,S005,0,Rainy
2023-08-26,S001,0,Rainy
2023-08-26,S002,0,Sunny
2023-08-26,S003,0,Cloudy
2023-08-26,S004,0,Sunny
2023-08-26,S005,0,Rainy
2023-08-27,S001,0,Sunny
2023-08-27,S002,0,Cloudy
2023-08-27,S003,0,Sunny
2023-08-27,S004,0,Rainy
2023-08-27,S005,0,Sunny
2023-08-28,S001,0,Rainy
2023-08-28,S002,0,Cloudy
2023-08-28,S003,0,Cloudy
2023-08-28,S004,0,Rainy
2023-08-28,S005,0,Rainy
2023-08-29,S001,0,Cloudy
2023-08-29,S002,0,Rainy
2023-08-29,S003,0,Rainy
2023-08-29,S004,0,Rainy
2023-08-29,S005,0,Cloudy
2023-08-30,S001,0,Sunny
2023-08-30,S002,0,Cloudy
2023-08-30,S003,0,Sunny
2023-08-30,S004,0,Cloudy
2023-08-30,S005,0,Sunny
2023-08-31,S001,0,Cloudy
2023-08-31,S002,0,Rainy
2023-08-31,S003,0,Sunny
2023-08-31,S004,0,Rainy
2023-08-31,S005,0,Cloudy
2023-09-01,S001,0,Cloudy
2023-09-01,S002,0,Sunny
2023-09-01,S003,0,Cloudy
2023-09-01,S004,0,Sunny
2023-09-01,S005,0,Cloudy
2023-09-02,S001,0,Rainy
2023-09-02,S002,0,Rainy
2023-09-02,S003,0,Sunny
2023-09-02,S004,0,Snowy
2023-09-02,S005,0,Rainy
2023-09-03,S001,0,Cloudy
2023-09-03,S002,0,Snowy
2023-09-03,S003,0,Rainy
2023-09-03,S004,0,Snowy
2023-09-03,S005,0,Cloudy
2023-09-04,S001,0,Rainy
2023-09-04,S002,0,Cloudy
2023-09-04,S003,0,Cloudy
2023-09-04,S004,0,Sunny
2023-09-04,S005,0,Rainy
2023-09-05,S001,0,Sunny
2023-09-05,S002,0,Sunny
2023-09-05,S003,0,Cloudy
2023-09-05,S004,0,Sunny
2023-09-05,S005,0,Sunny
2023-09-06,S001,0,Sunny
2023-09-06,S002,0,Cloudy
2023-09-06,S003,0,Snowy
2023-09-06,S004,0,Snowy
2023-09-06,S005,0,Sunny
2023-09-07,S001,0,Rainy
2023-09-07,S002,0,Cloudy
2023-09-07,S003,0,Rainy
2023-09-07,S004,0,Rainy
2023-09-07,S005,0,Rainy
2023-09-08,S001,0,Rainy
2023-09-08,S002,0,Sunny
2023-09-08,S003,0,Rainy
2023-09-08,S004,0,Snowy
2023-09-08,S005,0,Rainy
2023-09-09,S001,0,Rainy
2023-09-09,S002,0,Sunny
2023-09-09,S003,0,Rainy
2023-09-09,S004,0,Cloudy
2023-09-09,S005,0,Rainy
2023-09-10,S001,0,Rainy
2023-09-10,S002,0,Cloudy
2023-09-10,S003,0,Cloudy
2023-09-10,S004,0,Snowy
2023-09-10,S005,0,Rainy
2023-09-11,S001,0,Sunny
2023-09-11,S002,0,Cloudy
2023-09-11,S003,0,Rainy
2023-09-11,S004,0,Sunny
2023-09-11,S005,0,Sunny
2023-09-12,S001,0,Cloudy
2023-09-12,S002,0,Cloudy
2023-09-12,S003,0,Rainy
2023-09-12,S004,0,Rainy
2023-09-12,S005,0,Cloudy
2023-09-13,S001,0,Snowy
2023-09-13,S002,0,Rainy
2023-09-13,S003,0,Sunny
2023-09-13,S004,0,Rainy
2023-09-13,S005,0,Snowy
2023-09-14,S001,0,Sunny
2023-09-14,S002,0,Rainy
2023-09-14,S003,0,Cloudy
2023-09-14,S004,0,Sunny
2023-09-14,S005,0,Sunny
2023-09-15,S001,0,Cloudy
2023-09-15,S002,0,Rainy
2023-09-15,S003,0,Cloudy
2023-09-15,S004,0,Cloudy
2023-09-15,S005,0,Cloudy
2023-09-16,S001,0,Rainy
2023-09-16,S002,0,Rainy
2023-09-16,S003,0,Sunny
2023-09-16,S004,0,Snowy
2023-09-16,S005,0,Rainy
2023-09-17,S001,0,Cloudy
2023-09-17,S002,0,Cloudy
2023-09-17,S003,0,Cloudy
2023-09-17,S004,0,Cloudy
2023-09-17,S005,0,Cloudy
2023-09-18,S001,0,Rainy
2023-09-18,S002,0,Cloudy
2023-09-18,S003,0,Rainy
2023-09-18,S004,0,Rainy
2023-09-18,S005,0,Rainy
2023-09-19,S001,0,Cloudy
2023-09-19,S002,0,Sunny
2023-09-19,S003,0,Snowy
2023-09-19,S004,0,Rainy
2023-09-19,S005,0,Cloudy
2023-09-20,S001,0,Sunny
2023-09-20,S002,0,Rainy
2023-09-20,S003,0,Rainy
2023-09-20,S004,0,Snowy
2023-09-20,S005,0,Sunny
2023-09-21,S001,0,Rainy
2023-09-21,S002,0,Sunny
2023-09-21,S003,0,Sunny
2023-09-21,S004,0,Cloudy
2023-09-21,S005,0,Rainy
2023-09-22,S001,0,Snowy
2023-09-22,S002,0,Rainy
2023-09-22,S003,0,Sunny
2023-09-22,S004,0,Cloudy
2023-09-22,S005,0,Snowy
2023-09-23,S001,0,Sunny
2023-09-23,S002,0,Cloudy
2023-09-23,S003,0,Cloudy
2023-09-23,S004,0,Sunny
2023-09-23,S005,0,Sunny
2023-09-24,S001,0,Snowy
2023-09-24,S002,0,Sunny
2023-09-24,S003,0,Rainy
2023-09-24,S004,0,Rainy
2023-09-24,S005,0,Snowy
2023-09-25,S001,0,Snowy
2023-09-25,S002,0,Sunny
2023-09-25,S003,0,Sunny
2023-09-25,S004,0,Cloudy
2023-09-25,S005,0,Snowy
2023-09-26,S001,0,Cloudy
2023-09-26,S002,0,Cloudy
2023-09-26,S003,0,Snowy
2023-09-26,S004,0,Rainy
2023-09-26,S005,0,Cloudy
2023-09-27,S001,0,Cloudy
2023-09-27,S002,0,Snowy
2023-09-27,S003,0,Rainy
2023-09-27,S004,0,Snowy
2023-09-27,S005,0,Cloudy
2023-09-28,S001,0,Cloudy
2023-09-28,S002,0,Rainy
2023-09-28,S003,0,Snowy
2023-09-28,S004,0,Sunny
2023-09-28,S005,0,Cloudy
2023-09-29,S001,0,Sunny
2023-09-29,S002,0,Cloudy
2023-09-29,S003,0,Rainy
2023-09-29,S004,0,Cloudy
2023-09-29,S005,0,Sunny
2023-09-30,S001,0,Snowy
2023-09-30,S002,0,Snowy
2023-09-30,S003,0,Sunny
2023-09-30,S004,0,Rainy
2023-09-30,S005,0,Snowy
2023-10-01,S001,0,Rainy
2023-10-01,S002,0,Rainy
2023-10-01,S003,0,Sunny
2023-10-01,S004,0,Sunny
2023-10-01,S005,0,Rainy
2023-10-02,S001,0,Sunny
2023-10-02,S002,0,Sunny
2023-10-02,S003,0,Rainy
2023-10-02,S004,0,Cloudy
2023-10-02,S005,0,Sunny
2023-10-03,S001,0,Cloudy
2023-10-03,S002,0,Rainy
2023-10-03,S003,0,Rainy
2023-10-03,S004,0,Snowy
2023-10-03,S005,0,Cloudy
2023-10-04,S001,0,Cloudy
2023-10-04,S002,0,Rainy
2023-10-04,S003,0,Cloudy
2023-10-04,S004,0,Rainy
2023-10-04,S005,0,Cloudy
2023-10-05,S001,0,Snowy
2023-10-05,S002,0,Sunny
2023-10-05,S003,0,Snowy
2023-10-05,S004,0,Sunny
2023-10-05,S005,0,Snowy
2023-10-06,S001,0,Cloudy
2023-10-06,S002,0,Rainy
2023-10-06,S003,0,Cloudy
2023-10-06,S004,0,Sunny
2023-10-06,S005,0,Cloudy
2023-10-07,S001,1,Rainy
2023-10-07,S002,1,Snowy
2023-10-07,S003,1,Rainy
2023-10-07,S004,1,Rainy
2023-10-07,S005,1,Rainy
2023-10-08,S001,1,Cloudy
2023-10-08,S002,1,Sunny
2023-10-08,S003,1,Rainy
2023-10-08,S004,1,Rainy
2023-10-08,S005,1,Cloudy
2023-10-09,S001,1,Cloudy
2023-10-09,S002,1,Cloudy
2023-10-09,S003,1,Rainy
2023-10-09,S004,1,Sunny
2023-10-09,S005,1,Cloudy
2023-10-10,S001,1,Rainy
2023-10-10,S002,1,Cloudy
2023-10-10,S003,1,Cloudy
2023-10-10,S004,1,Snowy
2023-10-10,S005,1,Rainy
2023-10-11,S001,1,Sunny
2023-10-11,S002,1,Rainy
2023-10-11,S003,1,Snowy
2023-10-11,S004,1,Rainy
2023-10-11,S005,1,Sunny
2023-10-12,S001,1,Rainy
2023-10-12,S002,1,Sunny
2023-10-12,S003,1,Cloudy
2023-10-12,S004,1,Rainy
2023-10-12,S005,1,Rainy
2023-10-13,S001,1,Snowy
2023-10-13,S002,1,Rainy
2023-10-13,S003,1,Sunny
2023-10-13,S004,1,Cloudy
2023-10-13,S005,1,Snowy
2023-10-14,S001,1,Rainy
2023-10-14,S002,1,Rainy
2023-10-14,S003,1,Rainy
2023-10-14,S004,1,Sunny
2023-10-14,S005,1,Rainy
2023-10-15,S001,1,Rainy
2023-10-15,S002,1,Cloudy
2023-10-15,S003,1,Cloudy
2023-10-15,S004,1,Sunny
2023-10-15,S005,1,Rainy
2023-10-16,S001,1,Rainy
2023-10-16,S002,1,Cloudy
2023-10-16,S003,1,Cloudy
2023-10-16,S004,1,Snowy
2023-10-16,S005,1,Rainy
2023-10-17,S001,1,Sunny
2023-10-17,S002,1,Snowy
2023-10-17,S003,1,Cloudy
2023-10-17,S004,1,Cloudy
2023-10-17,S005,1,Sunny
2023-10-18,S001,1,Rainy
2023-10-18,S002,1,Cloudy
2023-10-18,S003,1,Snowy
2023-10-18,S004,1,Cloudy
2023-10-18,S005,1,Rainy
2023-10-19,S001,1,Sunny
2023-10-19,S002,1,Snowy
2023-10-19,S003,1,Snowy
2023-10-19,S004,1,Rainy
2023-10-19,S005,1,Sunny
2023-10-20,S001,1,Sunny
2023-10-20,S002,1,Snowy
2023-10-20,S003,1,Snowy
2023-10-20,S004,1,Snowy
2023-10-20,S005,1,Sunny
2023-10-21,S001,1,Sunny
2023-10-21,S002,1,Cloudy
2023-10-21,S003,1,Cloudy
2023-10-21,S004,1,Snowy
2023-10-21,S005,1,Sunny
2023-10-22,S001,1,Cloudy
2023-10-22,S002,1,Sunny
2023-10-22,S003,1,Snowy
2023-10-22,S004,1,Snowy
2023-10-22,S005,1,Cloudy
2023-10-23,S001,1,Cloudy
2023-10-23,S002,1,Sunny
2023-10-23,S003,1,Snowy
2023-10-23,S004,1,Snowy
2023-10-23,S005,1,Cloudy
2023-10-24,S001,1,Snowy
2023-10-24,S002,1,Sunny
2023-10-24,S003,1,Snowy
2023-10-24,S004,1,Snowy
2023-10-24,S005,1,Snowy
2023-10-25,S001,0,Cloudy
2023-10-25,S002,0,Snowy
2023-10-25,S003,0,Cloudy
2023-10-25,S004,0,Sunny
2023-10-25,S005,0,Cloudy
2023-10-26,S001,0,Cloudy
2023-10-26,S002,0,Cloudy
2023-10-26,S003,0,Sunny
2023-10-26,S004,0,Sunny
2023-10-26,S005,0,Cloudy
2023-10-27,S001,0,Sunny
2023-10-27,S002,0,Cloudy
2023-10-27,S003,0,Sunny
2023-10-27,S004,0,Sunny
2023-10-27,S005,0,Sunny
2023-10-28,S001,0,Sunny
2023-10-28,S002,0,Sunny
2023-10-28,S003,0,Snowy
2023-10-28,S004,0,Snowy
2023-10-28,S005,0,Sunny
2023-10-29,S001,0,Sunny
2023-10-29,S002,0,Cloudy
2023-10-29,S003,0,Cloudy
2023-10-29,S004,0,Snowy
2023-10-29,S005,0,Sunny
2023-10-30,S001,0,Rainy
2023-10-30,S002,0,Cloudy
2023-10-30,S003,0,Cloudy
2023-10-30,S004,0,Snowy
2023-10-30,S005,0,Rainy
2023-10-31,S001,0,Rainy
2023-10-31,S002,0,Rainy
2023-10-31,S003,0,Sunny
2023-10-31,S004,0,Sunny
2023-10-31,S005,0,Rainy
2023-11-01,S001,0,Rainy
2023-11-01,S002,0,Cloudy
2023-11-01,S003,0,Rainy
2023-11-01,S004,0,Rainy
2023-11-01,S005,0,Rainy
2023-11-02,S001,0,Sunny
2023-11-02,S002,0,Sunny
2023-11-02,S003,0,Sunny
2023-11-02,S004,0,Cloudy
2023-11-02,S005,0,Sunny
2023-11-03,S001,0,Rainy
2023-11-03,S002,0,Cloudy
2023-11-03,S003,0,Cloudy
2023-11-03,S004,0,Rainy
2023-11-03,S005,0,Rainy
2023-11-04,S001,0,Snowy
2023-11-04,S002,0,Snowy
2023-11-04,S003,0,Sunny
2023-11-04,S004,0,Cloudy
2023-11-04,S005,0,Snowy
2023-11-05,S001,0,Snowy
2023-11-05,S002,0,Snowy
2023-11-05,S003,0,Cloudy
2023-11-05,S004,0,Cloudy
2023-11-05,S005,0,Snowy
2023-11-06,S001,0,Snowy
2023-11-06,S002,0,Snowy
2023-11-06,S003,0,Rainy
2023-11-06,S004,0,Snowy
2023-11-06,S005,0,Snowy
2023-11-07,S001,0,Snowy
2023-11-07,S002,0,Sunny
2023-11-07,S003,0,Cloudy
2023-11-07,S004,0,Sunny
2023-11-07,S005,0,Snowy
2023-11-08,S001,0,Sunny
2023-11-08,S002,0,Snowy
2023-11-08,S003,0,Snowy
2023-11-08,S004,0,Cloudy
2023-11-08,S005,0,Sunny
2023-11-09,S001,0,Rainy
2023-11-09,S002,0,Snowy
2023-11-09,S003,0,Rainy
2023-11-09,S004,0,Cloudy
2023-11-09,S005,0,Rainy
2023-11-10,S001,0,Rainy
2023-11-10,S002,0,Cloudy
2023-11-10,S003,0,Rainy
2023-11-10,S004,0,Sunny
2023-11-10,S005,0,Rainy
2023-11-11,S001,0,Rainy
2023-11-11,S002,0,Snowy
2023-11-11,S003,0,Sunny
2023-11-11,S004,0,Sunny
2023-11-11,S005,0,Rainy
2023-11-12,S001,0,Rainy
2023-11-12,S002,0,Sunny
2023-11-12,S003,0,Sunny
2023-11-12,S004,0,Cloudy
2023-11-12,S005,0,Rainy
2023-11-13,S001,0,Cloudy
2023-11-13,S002,0,Sunny
2023-11-13,S003,0,Snowy
2023-11-13,S004,0,Snowy
2023-11-13,S005,0,Cloudy
2023-11-14,S001,0,Rainy
2023-11-14,S002,0,Cloudy
2023-11-14,S003,0,Snowy
2023-11-14,S004,0,Snowy
2023-11-14,S005,0,Rainy
2023-11-15,S001,0,Snowy
2023-11-15,S002,0,Rainy
2023-11-15,S003,0,Sunny
2023-11-15,S004,0,Sunny
2023-11-15,S005,0,Snowy
2023-11-16,S001,0,Cloudy
2023-11-16,S002,0,Snowy
2023-11-16,S003,0,Cloudy
2023-11-16,S004,0,Cloudy
2023-11-16,S005,0,Cloudy
2023-11-17,S001,0,Snowy
2023-11-17,S002,0,Snowy
2023-11-17,S003,0,Cloudy
2023-11-17,S004,0,Sunny
2023-11-17,S005,0,Snowy
2023-11-18,S001,0,Snowy
2023-11-18,S002,0,Sunny
2023-11-18,S003,0,Sunny
2023-11-18,S004,0,Sunny
2023-11-18,S005,0,Snowy
2023-11-19,S001,0,Sunny
2023-11-19,S002,0,Cloudy
2023-11-19,S003,0,Sunny
2023-11-19,S004,0,Cloudy
2023-11-19,S005,0,Sunny
2023-11-20,S001,0,Rainy
2023-11-20,S002,0,Cloudy
2023-11-20,S003,0,Rainy
2023-11-20,S004,0,Rainy
2023-11-20,S005,0,Rainy
2023-11-21,S001,0,Sunny
2023-11-21,S002,0,Snowy
2023-11-21,S003,0,Cloudy
2023-11-21,S004,0,Rainy
2023-11-21,S005,0,Sunny
2023-11-22,S001,0,Cloudy
2023-11-22,S002,0,Snowy
2023-11-22,S003,0,Sunny
2023-11-22,S004,0,Sunny
2023-11-22,S005,0,Cloudy
2023-11-23,S001,0,Rainy
2023-11-23,S002,0,Cloudy
2023-11-23,S003,0,Rainy
2023-11-23,S004,0,Cloudy
2023-11-23,S005,0,Rainy
2023-11-24,S001,0,Cloudy
2023-11-24,S002,0,Snowy
2023-11-24,S003,0,Cloudy
2023-11-24,S004,0,Cloudy
2023-11-24,S005,0,Cloudy
2023-11-25,S001,0,Snowy
2023-11-25,S002,0,Snowy
2023-11-25,S003,0,Rainy
2023-11-25,S004,0,Rainy
2023-11-25,S005,0,Snowy
2023-11-26,S001,0,Sunny
2023-11-26,S002,0,Snowy
2023-11-26,S003,0,Snowy
2023-11-26,S004,0,Rainy
2023-11-26,S005,0,Sunny
2023-11-27,S001,0,Sunny
2023-11-27,S002,0,Sunny
2023-11-27,S003,0,Rainy
2023-11-27,S004,0,Cloudy
2023-11-27,S005,0,Sunny
2023-11-28,S001,0,Rainy
2023-11-28,S002,0,Rainy
2023-11-28,S003,0,Snowy
2023-11-28,S004,0,Cloudy
2023-11-28,S005,0,Rainy
2023-11-29,S001,0,Sunny
2023-11-29,S002,0,Rainy
2023-11-29,S003,0,Sunny
2023-11-29,S004,0,Sunny
2023-11-29,S005,0,Sunny
2023-11-30,S001,0,Cloudy
2023-11-30,S002,0,Rainy
2023-11-30,S003,0,Cloudy
2023-11-30,S004,0,Rainy
2023-11-30,S005,0,Cloudy
2023-12-01,S001,0,Sunny
2023-12-01,S002,0,Cloudy
2023-12-01,S003,0,Cloudy
2023-12-01,S004,0,Snowy
2023-12-01,S005,0,Sunny
2023-12-02,S001,0,Cloudy
2023-12-02,S002,0,Cloudy
2023-12-02,S003,0,Cloudy
2023-12-02,S004,0,Snowy
2023-12-02,S005,0,Cloudy
2023-12-03,S001,0,Cloudy
2023-12-03,S002,0,Snowy
2023-12-03,S003,0,Sunny
2023-12-03,S004,0,Snowy
2023-12-03,S005,0,Cloudy
2023-12-04,S001,0,Cloudy
2023-12-04,S002,0,Sunny
2023-12-04,S003,0,Sunny
2023-12-04,S004,0,Snowy
2023-12-04,S005,0,Cloudy
2023-12-05,S001,0,Cloudy
2023-12-05,S002,0,Sunny
2023-12-05,S003,0,Snowy
2023-12-05,S004,0,Sunny
2023-12-05,S005,0,Cloudy
2023-12-06,S001,0,Sunny
2023-12-06,S002,0,Sunny
2023-12-06,S003,0,Sunny
2023-12-06,S004,0,Sunny
2023-12-06,S005,0,Sunny
2023-12-07,S001,0,Cloudy
2023-12-07,S002,0,Sunny
2023-12-07,S003,0,Cloudy
2023-12-07,S004,0,Sunny
2023-12-07,S005,0,Cloudy
2023-12-08,S001,0,Cloudy
2023-12-08,S002,0,Snowy
2023-12-08,S003,0,Cloudy
2023-12-08,S004,0,Snowy
2023-12-08,S005,0,Cloudy
2023-12-09,S001,0,Snowy
2023-12-09,S002,0,Sunny
2023-12-09,S003,0,Snowy
2023-12-09,S004,0,Sunny
2023-12-09,S005,0,Snowy
2023-12-10,S001,0,Snowy
2023-12-10,S002,0,Cloudy
2023-12-10,S003,0,Snowy
2023-12-10,S004,0,Snowy
2023-12-10,S005,0,Snowy
2023-12-11,S001,0,Snowy
2023-12-11,S002,0,Snowy
2023-12-11,S003,0,Snowy
2023-12-11,S004,0,Snowy
2023-12-11,S005,0,Snowy
2023-12-12,S001,0,Sunny
2023-12-12,S002,0,Snowy
2023-12-12,S003,0,Snowy
2023-12-12,S004,0,Snowy
2023-12-12,S005,0,Sunny
2023-12-13,S001,0,Sunny
2023-12-13,S002,0,Sunny
2023-12-13,S003,0,Sunny
2023-12-13,S004,0,Cloudy
2023-12-13,S005,0,Sunny
2023-12-14,S001,0,Sunny
2023-12-14,S002,0,Sunny
2023-12-14,S003,0,Cloudy
2023-12-14,S004,0,Cloudy
2023-12-14,S005,0,Sunny
2023-12-15,S001,0,Snowy
2023-12-15,S002,0,Sunny
2023-12-15,S003,0,Snowy
2023-12-15,S004,0,Snowy
2023-12-15,S005,0,Snowy
2023-12-16,S001,0,Cloudy
2023-12-16,S002,0,Snowy
2023-12-16,S003,0,Snowy
2023-12-16,S004,0,Sunny
2023-12-16,S005,0,Cloudy
2023-12-17,S001,0,Cloudy
2023-12-17,S002,0,Snowy
2023-12-17,S003,0,Cloudy
2023-12-17,S004,0,Cloudy
2023-12-17,S005,0,Cloudy
2023-12-18,S001,0,Cloudy
2023-12-18,S002,0,Sunny
2023-12-18,S003,0,Sunny
2023-12-18,S004,0,Snowy
2023-12-18,S005,0,Cloudy
2023-12-19,S001,0,Sunny
2023-12-19,S002,0,Cloudy
2023-12-19,S003,0,Snowy
2023-12-19,S004,0,Sunny
2023-12-19,S005,0,Sunny
2023-12-20,S001,0,Snowy
2023-12-20,S002,0,Snowy
2023-12-20,S003,0,Sunny
2023-12-20,S004,0,Snowy
2023-12-20,S005,0,Snowy
2023-12-21,S001,0,Sunny
2023-12-21,S002,0,Cloudy
2023-12-21,S003,0,Sunny
2023-12-21,S004,0,Sunny
2023-12-21,S005,0,Sunny
2023-12-22,S001,0,Sunny
2023-12-22,S002,0,Cloudy
2023-12-22,S003,0,Snowy
2023-12-22,S004,0,Snowy
2023-12-22,S005,0,Sunny
2023-12-23,S001,0,Snowy
2023-12-23,S002,0,Cloudy
2023-12-23,S003,0,Snowy
2023-12-23,S004,0,Snowy
2023-12-23,S005,0,Snowy
2023-12-24,S001,0,Sunny
2023-12-24,S002,0,Cloudy
2023-12-24,S003,0,Snowy
2023-12-24,S004,0,Cloudy
2023-12-24,S005,0,Sunny
2023-12-25,S001,0,Snowy
2023-12-25,S002,0,Snowy
2023-12-25,S003,0,Snowy
2023-12-25,S004,0,Cloudy
2023-12-25,S005,0,Snowy
2023-12-26,S001,0,Snowy
2023-12-26,S002,0,Sunny
2023-12-26,S003,0,Sunny
2023-12-26,S004,0,Cloudy
2023-12-26,S005,0,Snowy
2023-12-27,S001,1,Snowy
2023-12-27,S002,1,Sunny
2023-12-27,S003,1,Cloudy
2023-12-27,S004,1,Snowy
2023-12-27,S005,1,Snowy
2023-12-28,S001,1,Sunny
2023-12-28,S002,1,Snowy
2023-12-28,S003,1,Cloudy
2023-12-28,S004,1,Snowy
2023-12-28,S005,1,Sunny
2023-12-29,S001,1,Sunny
2023-12-29,S002,1,Sunny
2023-12-29,S003,1,Snowy
2023-12-29,S004,1,Snowy
2023-12-29,S005,1,Sunny
2023-12-30,S001,1,Snowy
2023-12-30,S002,1,Cloudy
2023-12-30,S003,1,Cloudy
2023-12-30,S004,1,Sunny
2023-12-30,S005,1,Snowy
2023-12-31,S001,1,Cloudy
2023-12-31,S002,1,Sunny
2023-12-31,S003,1,Sunny
2023-12-31,S004,1,Snowy
2023-12-31,S005,1,Cloudy
2024-01-01,S001,1,Cloudy
2024-01-01,S002,1,Cloudy
2024-01-01,S003,1,Cloudy
2024-01-01,S004,1,Sunny
2024-01-01,S005,1,Cloudy
2024-01-02,S001,1,Cloudy
2024-01-02,S002,1,Sunny
2024-01-02,S003,1,Snowy
2024-01-02,S004,1,Sunny
2024-01-02,S005,1,Cloudy
2024-01-03,S001,1,Cloudy
2024-01-03,S002,1,Cloudy
2024-01-03,S003,1,Snowy
2024-01-03,S004,1,Snowy
2024-01-03,S005,1,Cloudy
2024-01-04,S001,1,Snowy
2024-01-04,S002,1,Sunny
2024-01-04,S003,1,Snowy
2024-01-04,S004,1,Cloudy
2024-01-04,S005,1,Snowy
2024-01-05,S001,1,Sunny
2024-01-05,S002,1,Cloudy
2024-01-05,S003,1,Sunny
2024-01-05,S004,1,Sunny
2024-01-05,S005,1,Sunny
2024-01-06,S001,1,Cloudy
2024-01-06,S002,1,Cloudy
2024-01-06,S003,1,Cloudy
2024-01-06,S004,1,Sunny
2024-01-06,S005,1,Cloudy
2024-01-07,S001,1,Snowy
2024-01-07,S002,1,Sunny
2024-01-07,S003,1,Snowy
2024-01-07,S004,1,Cloudy
2024-01-07,S005,1,Snowy
2024-01-08,S001,1,Cloudy
2024-01-08,S002,1,Sunny
2024-01-08,S003,1,Snowy
2024-01-08,S004,1,Sunny
2024-01-08,S005,1,Cloudy
2024-01-09,S001,0,Snowy
2024-01-09,S002,0,Cloudy
2024-01-09,S003,0,Snowy
2024-01-09,S004,0,Snowy
2024-01-09,S005,0,Snowy
2024-01-10,S001,0,Snowy
2024-01-10,S002,0,Snowy
2024-01-10,S003,0,Cloudy
2024-01-10,S004,0,Cloudy
2024-01-10,S005,0,Snowy
2024-01-11,S001,0,Snowy
2024-01-11,S002,0,Snowy
2024-01-11,S003,0,Sunny
2024-01-11,S004,0,Sunny
2024-01-11,S005,0,Snowy
2024-01-12,S001,0,Cloudy
2024-01-12,S002,0,Cloudy
2024-01-12,S003,0,Sunny
2024-01-12,S004,0,Snowy
2024-01-12,S005,0,Cloudy
2024-01-13,S001,0,Sunny
2024-01-13,S002,0,Cloudy
2024-01-13,S003,0,Cloudy
2024-01-13,S004,0,Cloudy
2024-01-13,S005,0,Sunny
2024-01-14,S001,0,Snowy
2024-01-14,S002,0,Cloudy
2024-01-14,S003,0,Cloudy
2024-01-14,S004,0,Cloudy
2024-01-14,S005,0,Snowy
2024-01-15,S001,0,Cloudy
2024-01-15,S002,0,Cloudy
2024-01-15,S003,0,Sunny
2024-01-15,S004,0,Cloudy
2024-01-15,S005,0,Cloudy
2024-01-16,S001,0,Snowy
2024-01-16,S002,0,Snowy
2024-01-16,S003,0,Cloudy
2024-01-16,S004,0,Snowy
2024-01-16,S005,0,Snowy
2024-01-17,S001,0,Cloudy
2024-01-17,S002,0,Cloudy
2024-01-17,S003,0,Snowy
2024-01-17,S004,0,Snowy
2024-01-17,S005,0,Cloudy
2024-01-18,S001,0,Sunny
2024-01-18,S002,0,Sunny
2024-01-18,S003,0,Cloudy
2024-01-18,S004,0,Snowy
2024-01-18,S005,0,Sunny
2024-01-19,S001,0,Snowy
2024-01-19,S002,0,Snowy
2024-01-19,S003,0,Sunny
2024-01-19,S004,0,Snowy
2024-01-19,S005,0,Snowy
2024-01-20,S001,0,Sunny
2024-01-20,S002,0,Sunny
2024-01-20,S003,0,Sunny
2024-01-20,S004,0,Sunny
2024-01-20,S005,0,Sunny
2024-01-21,S001,0,Cloudy
2024-01-21,S002,0,Snowy
2024-01-21,S003,0,Snowy
2024-01-21,S004,0,Snowy
2024-01-21,S005,0,Cloudy
2024-01-22,S001,0,Sunny
2024-01-22,S002,0,Snowy
2024-01-22,S003,0,Sunny
2024-01-22,S004,0,Cloudy
2024-01-22,S005,0,Sunny
2024-01-23,S001,0,Snowy
2024-01-23,S002,0,Snowy
2024-01-23,S003,0,Cloudy
2024-01-23,S004,0,Cloudy
2024-01-23,S005,0,Snowy
2024-01-24,S001,0,Cloudy
2024-01-24,S002,0,Sunny
2024-01-24,S003,0,Snowy
2024-01-24,S004,0,Snowy
2024-01-24,S005,0,Cloudy
2024-01-25,S001,0,Sunny
2024-01-25,S002,0,Sunny
2024-01-25,S003,0,Sunny
2024-01-25,S004,0,Cloudy
2024-01-25,S005,0,Sunny
2024-01-26,S001,0,Cloudy
2024-01-26,S002,0,Sunny
2024-01-26,S003,0,Snowy
2024-01-26,S004,0,Sunny
2024-01-26,S005,0,Cloudy
2024-01-27,S001,0,Snowy
2024-01-27,S002,0,Sunny
2024-01-27,S003,0,Snowy
2024-01-27,S004,0,Cloudy
2024-01-27,S005,0,Snowy
2024-01-28,S001,0,Cloudy
2024-01-28,S002,0,Cloudy
2024-01-28,S003,0,Cloudy
2024-01-28,S004,0,Sunny
2024-01-28,S005,0,Cloudy
2024-01-29,S001,0,Cloudy
2024-01-29,S002,0,Snowy
2024-01-29,S003,0,Snowy
2024-01-29,S004,0,Sunny
2024-01-29,S005,0,Cloudy
2024-01-30,S001,0,Snowy
2024-01-30,S002,0,Snowy
2024-01-30,S003,0,Sunny
2024-01-30,S004,0,Snowy
2024-01-30,S005,0,Snowy
